№,Бизнес,Категория,Бизнес-модель,Главный вопрос,Коротко о процессе,Хук,Идея внедрения ИИ
1,ИИ-консалтинг,B2B-услуги и консалтинг,Проектные услуги,"ИИ-консалтинг: как стандартизировать результат, удержать маржу и расти без постоянного ручного контроля?","Диагностируем процессы компании, выбираем задачи с максимальным эффектом, проектируем решение, запускаем пилот, внедряем его в работу и считаем экономический результат.","ИИ-консалтинг: где теряется прибыль, когда хайп продаётся быстрее, чем повторяемый и измеримый результат?","ИИ-консалтинг: RAG-ассистент на базе прошлых проектов и регламентов подсказывает методику диагностики и типовые решения, стандартизирует результат и держит маржу без ручного контроля каждого консультанта."
2,Универсальный продавец на маркетплейсах,E-commerce и маркетплейсы,Маржа на товаре,"Универсальный продавец на маркетплейсах: как удержать маржу, когда комиссии, платное продвижение и низкий процент выкупа съедают наценку быстрее, чем растёт оборот?","Изучаем спрос и юнит-экономику, закупаем партию, оформляем карточки, поставляем на склад площадки, продвигаем рекламой и держим цену, отрабатываем возвраты и контролируем остатки.","Универсальный продавец на маркетплейсах: почему обороты растут, а денег на счёте всё меньше, если комиссия, логистика и невыкупленные заказы забирают половину наценки?","Универсальный продавец на маркетплейсах: ИИ управляет ставками и бюджетами продвижения по каждой карточке на данных о выкупе и марже, снижает ДРР и возвращает наценку, съеденную рекламой."
3,SMM-агентство,"Маркетинг, медиа и дизайн",Абонентское обслуживание,"SMM-агентство: как удержать клиента дольше трёх месяцев и поднять маржу на абонентке, если каждый аккаунт держится на ручном труде команды?","Снимаем бриф, собираем контент-план, готовим тексты и макеты, согласуем с клиентом, публикуем посты, запускаем таргет и сводим отчёт по охватам и заявкам.","SMM-агентство: что скрывается за красивым отчётом об охватах, если клиент не видит заявок и через пару месяцев молча уходит к конкурентам?","SMM-агентство: генеративный ИИ на бренд-гайдах клиента готовит черновики текстов и макетов контент-плана, снижает ручные часы команды на аккаунт и поднимает маржу абонентки."
4,Стоматологическая клиника,"Здоровье, красота и спорт",Оплата за услугу,"Стоматологическая клиника: как поднять загрузку кресел и средний чек, если план лечения согласован, а пациент делает только одну болезненную позицию?","Ведём первичный приём, делаем снимок, составляем план лечения и смету, согласуем стоимость, записываем на этапы, лечим, ставим работу на гарантию и зовём на профосмотр.","Стоматологическая клиника: куда утекает выручка, когда врач простаивает в пустом окне, пациент не пришёл на второй этап, а согласованный план остался на бумаге?","Стоматологическая клиника: ИИ заполняет окна в расписании и достраивает загрузку кресел из очереди на несделанные этапы плана лечения, поднимает утилизацию кресел и сокращает простой врача."
5,Компания по ремонту квартир,"Недвижимость, строительство и дом",Проектные услуги,"Компания по ремонту квартир: как удержать маржу на объекте, если смета плывёт, материалы дорожают, а бригады простаивают между этапами работ?","Выезжаем на замер, считаем смету, закупаем материалы, заводим бригады поэтапно, контролируем качество, устраняем недоделки и сдаём объект заказчику.","Компания по ремонту квартир: сколько прибыли съедают переделки, простои бригад и внеплановая докупка материалов, если объект сдан в срок, а вышли почти в ноль?","Компания по ремонту квартир: ИИ собирает смету по замеру и истории объектов с актуальными ценами материалов, снижает плывущие сметы, переделки и внеплановую докупку, удерживая маржу объекта."
6,Компания заказной разработки ПО,IT и цифровые сервисы,Проектные услуги,"Компания заказной разработки ПО: как поднять утилизацию команды и удержать маржу проекта, если оценки задач регулярно расходятся с реальными сроками сдачи?","Собираем требования, согласуем ТЗ и оценку, разбиваем на спринты, пишем и тестируем код, показываем демо, выкатываем релиз и передаём заказчику на поддержку.","Компания заказной разработки ПО: правда ли, что проект уходит в минус не на сложных задачах, а на бесконечных правках и часах, которых нет в смете?","Компания заказной разработки ПО: ИИ по трекеру и истории задач прогнозирует сроки и распределяет загрузку команды, поднимает утилизацию разработчиков и держит маржу проекта в рамках оценки."
7,Банк для малого бизнеса,Финансы,Процентная маржа + комиссии,"Банк для малого бизнеса: как нарастить комиссионный доход с одного счёта, если клиент открылся на дешёвом тарифе и почти не проводит операций?","Принимаем заявку, проверяем клиента по требованиям комплаенса, открываем расчётный счёт, подключаем эквайринг, зарплатный проект и валютный контроль, проводим платежи, мониторим операции и предлагаем кредитные продукты.","Банк для малого бизнеса: выглядит как рост базы, но какой толк от тысяч открытых счетов, если половина пустая и не приносит ни рубля комиссий?","Банк для малого бизнеса: ИИ по транзакционному профилю счёта подбирает нужный продукт (эквайринг, зарплатный, кредит) в момент потребности, поднимает комиссионный доход с одного счёта."
8,Языковая онлайн-школа,HR и образование,Обучение / инфопродукт,"Языковая онлайн-школа: как поднять LTV ученика и довести его до результата, если после второго месяца занятий доходимость резко падает?","Проводим пробный урок, подбираем преподавателя, принимаем оплату, ставим расписание, ведём занятия, проверяем домашние задания и продлеваем абонемент на следующий блок.","Языковая онлайн-школа: можно ли вырасти, если привлечение ученика стоит как три средних чека, а он бросает раньше, чем окупит первый платёж?","Языковая онлайн-школа: ИИ по посещаемости, домашкам и прогрессу выявляет учеников на грани отвала и запускает триггерные касания до отмены, поднимает доходимость и LTV ученика."
9,Кофейня,HoReCa и гостеприимство,Маржа на заказе,"Кофейня: как выровнять выручку в течение дня и поднять средний чек, если после утреннего наплыва зал стоит полупустым до вечера?","Закупаем зерно и молоко, настраиваем помол под смену, готовим напитки на потоке, предлагаем выпечку и десерт к кофе, пробиваем чек, докупаем скоропорт и списываем нераспроданное к закрытию.","Кофейня: что ломается первым, когда весь бизнес держится на утреннем часе пик — маржа на вечерних списаниях или нервы баристы в очереди?","Кофейня: ИИ на кассе подсказывает баристе персональные допредложения к заказу и запускает акции на дневные часы, поднимает средний чек и сглаживает провал выручки после утреннего пика."
10,Курьерская служба,"Логистика, транспорт и авто",Оплата за услугу,"Курьерская служба: как поднять маржу на доставке и загрузку курьеров, если тариф фиксированный, а половина маршрута — это холостой пробег?","Принимаем заказы, сортируем и консолидируем их в маршруты, назначаем курьеров, забираем отправления, доставляем получателям, при неудаче переназначаем повторную попытку и закрываем оплату по факту вручения.","Курьерская служба: где растворяется прибыль, если курьер полдня едет впустую, а неудачные попытки вручения приходится оплачивать дважды?","Курьерская служба: ИИ строит маршруты с учётом окон доставки и вероятности недозвона, сокращает холостой пробег и повторные попытки вручения, поднимает число доставок на курьера в смену."
11,Рекрутинговое агентство,HR и образование,Фикс + success fee,"Рекрутинговое агентство: как повысить долю закрытых вакансий и не терять гонорар за результат, если кандидаты срываются на финале, а гарантийные замены съедают время?","Снимаем заявку с заказчика, ищем кандидатов, проводим скрининг, организуем собеседования, согласуем оффер, сопровождаем выход и закрываем гарантийный период.","Рекрутинговое агентство: как так выходит, что вакансия закрыта, а гонорар приходится возвращать, когда нанятый кандидат уходит на испытательном сроке?","Рекрутинговое агентство: ИИ сопоставляет резюме с требованиями вакансии и ранжирует кандидатов по вероятности выхода и прохождения испытательного, поднимает долю закрытых вакансий и режет гарантийные замены."
12,Брендинговое агентство,"Маркетинг, медиа и дизайн",Проектные услуги,"Брендинговое агентство: как удержать маржу проекта и загрузку дизайнеров, если правки бесконечны, а согласование логотипа растягивается на месяцы?","Снимаем бриф, исследуем рынок и аудиторию, разрабатываем платформу бренда и позиционирование, придумываем нейминг и айдентику, презентуем и дорабатываем варианты, собираем брендбук с гайдлайнами.","Брендинговое агентство: куда девается маржа проекта, если он застрял на пятом круге правок, а фикс за работу давно закрыт?","Брендинговое агентство: ИИ транскрибирует созвоны и сводит правки клиента в структурированное согласованное ТЗ, сокращает бесконечные круги правок и защищает загрузку дизайнеров и маржу проекта."
13,Дистрибьютор продуктов питания,Производство и оптовая торговля,Оптовая маржа,"Дистрибьютор продуктов питания: как ускорить оборачиваемость и собрать дебиторку, если товар скоропортящийся, а розница платит с задержкой?","Закупаем товар у производителей, храним на складе, принимаем заявки от точек, комплектуем и развозим по маршрутам, забираем возвраты и контролируем оплату.","Дистрибьютор продуктов питания: сколько теряет бизнес на списаниях по срокам годности и зависшей дебиторке, пока розница тянет с оплатой поставленного товара?","Дистрибьютор продуктов питания: ИИ скорит торговые точки по риску просрочки платежа и задаёт лимиты и приоритет отгрузки, сокращает зависшую дебиторку и потери на неплатежах."
14,Агентство недвижимости,"Недвижимость, строительство и дом",Комиссия со сделки,"Агентство недвижимости: как поднять конверсию показов в сделки, если заявок много, а до подписания договора доходят единицы?","Принимаем заявку, подбираем объекты, организуем показы, ведём переговоры сторон, проверяем документы, готовим сделку и получаем комиссию после регистрации.","Агентство недвижимости: что мешает сделке состояться, если показов десятки, база огромная, а клиент в итоге покупает через соседнего риелтора?","Агентство недвижимости: ИИ скорит заявки по готовности к сделке и бюджету, направляет риелторов на горячих клиентов, поднимает конверсию показов в договоры и не распыляет время на пустые показы."
15,Автосервис,"Логистика, транспорт и авто",Оплата за услугу,"Автосервис: как поднять загрузку подъёмников и выработку нормо-часов, если запись плотная, а к концу месяца касса всё равно не сходится?","Принимаем машину, проводим диагностику, согласуем работы и запчасти с клиентом, ремонтируем на подъёмнике, проверяем результат и выдаём авто с актом.","Автосервис: подъёмники заняты весь день, механики в мыле, а нормо-часы к вечеру не сходятся с кассой — так где оседает заработанное?","Автосервис: ИИ сверяет нормо-часы, списанные запчасти и кассу, выявляет аномалии и утечки по сменам и мастерам, возвращает недосчитанную выручку и сводит нормо-часы с кассой."
16,Магазин у дома,Розничная торговля,Маржа на товаре,"Магазин у дома: как поднять средний чек и оборачиваемость, если ассортимент огромный, полки полные, а часть скоропорта каждый вечер идёт в списание?","Заказываем товар у поставщиков, принимаем и проверяем поставку, выкладываем на полки и обновляем ценники, контролируем сроки годности, пробиваем на кассе, списываем скоропорт и проводим инвентаризацию.","Магазин у дома: куда исчезает наценка, если полки всегда полные, но списания скоропорта и недостачи на кассе тихо съедают дневную выручку?","Магазин у дома: ИИ прогнозирует спрос по SKU и срокам годности, формирует заказ и своевременную уценку скоропорта, сокращает вечерние списания и поднимает оборачиваемость полки."
17,Сервисный центр смартфонов,Локальные и бытовые услуги,Оплата за услугу,"Сервисный центр смартфонов: как поднять загрузку мастеров и маржу на запчастях, если клиент отказывается от ремонта сразу после платной диагностики?","Принимаем аппарат, фиксируем в акте внешнее состояние и комплектность, диагностируем неисправность, согласуем цену до работ, заказываем деталь, меняем модуль, тестируем и выдаём клиенту с гарантией.","Сервисный центр смартфонов: сколько заказов срывается, пока клиент неделю ждёт запчасть, а рядом за углом ему чинят телефон за час?","Сервисный центр смартфонов: ИИ прогнозирует спрос на модули и запчасти по моделям и держит ходовые на складе, убирает недельное ожидание детали и не теряет заказы, повышая загрузку мастеров."
18,Оптовая торговая компания,Производство и оптовая торговля,Оптовая маржа,"Оптовая торговая компания: как ускорить оборачиваемость склада и высвободить деньги, если продажи идут, а половина полок занята неликвидом?","Закупаем партии у поставщиков, храним на складе, менеджеры обрабатывают заявки, отгружаем клиентам, выставляем счета и контролируем дебиторскую задолженность.","Оптовая торговая компания: не парадокс ли — склад забит, отгрузки идут каждый день, а свободных денег нет, потому что они зависли в неликвиде?","Оптовая торговая компания: ИИ по истории продаж прогнозирует спрос и планирует объёмы закупок по позициям, помечает неликвид для уценки, ускоряет оборачиваемость склада и высвобождает замороженные в товаре деньги."
19,Агентство коммерческой недвижимости,"Недвижимость, строительство и дом",Комиссия со сделки,"Агентство коммерческой недвижимости: как сократить цикл сделки и не терять комиссию, если переговоры по объекту тянутся месяцами и срываются на финале?","Подбираем объект под запрос, организуем просмотры, ведём переговоры, проверяем юридическую чистоту, согласуем условия аренды или покупки и сопровождаем подписание.","Агентство коммерческой недвижимости: что рушит сделку на финальном шаге, когда объект найден, стороны согласны, а комиссия за полгода работы висит на волоске?","Агентство коммерческой недвижимости: ИИ сопоставляет объекты с запросами арендаторов и ранжирует сделки по вероятности закрытия, сокращает цикл сделки и снижает риск срыва на финале."
20,Частная медицинская клиника,"Здоровье, красота и спорт",Оплата за услугу,"Частная медицинская клиника: как поднять загрузку врачей и долю повторных визитов, если расписание в дырах от неявок, а назначения не доводятся до конца?","Записываем пациента, проводим приём, назначаем обследования, ставим диагноз, расписываем лечение и приглашаем на повторный визит для контроля.","Частная медицинская клиника: где теряется выручка, если расписание врача в дырах от неявок, а половина пациентов не возвращается на повторный приём?","Частная медицинская клиника: ИИ прогнозирует неявки и умно наполняет расписание, а триггерными напоминаниями возвращает пациентов на повторные визиты, поднимает загрузку врачей и долю дошедших назначений."
21,Управленческий консалтинг,B2B-услуги и консалтинг,Проектные услуги,"Управленческий консалтинг: как повысить утилизацию консультантов и продавать повторно, если каждый проект уникален, а результат сложно измерить деньгами?","Проводим диагностику компании, находим узкие места, разрабатываем стратегию, готовим рекомендации, помогаем внедрить изменения и замеряем эффект.","Управленческий консалтинг: что если ваш дорогой стратегический отчёт лёг в стол, потому что красивые слайды продать проще, чем измеримый результат на цифрах?","Управленческий консалтинг: ИИ транскрибирует интервью и воркшопы и готовит черновики отчётов и рекомендаций, поднимает утилизацию консультантов и делает результат повторяемым для повторных продаж."
22,Дистрибьютор строительных материалов,Производство и оптовая торговля,Оптовая маржа,"Дистрибьютор строительных материалов: как сгладить сезонность и высвободить оборотные деньги, если летом склад пустеет, а зимой забит и не движется?","Закупаем материалы у заводов, храним на складе, принимаем заявки прорабов, доставляем на объекты, оформляем отсрочки и забираем невостребованный товар.","Дистрибьютор строительных материалов: куда замораживаются деньги, когда сезон стройки закончился, а склад забит поддонами, которые до весны точно не продать?","Дистрибьютор строительных материалов: ИИ прогнозирует сезонный спрос по позициям и планирует закупки под сезон, сглаживает пик и провал склада и высвобождает оборотные деньги зимой."
23,Управляющая компания арендной недвижимости,"Недвижимость, строительство и дом",Аренда / абонентская плата,"Управляющая компания арендной недвижимости: как поднять заполняемость и собираемость платежей, если между арендаторами месяцы простоя, а долги висят кварталами?","Ищем арендаторов, заключаем договоры, собираем платежи, обслуживаем помещения, реагируем на заявки и готовим объекты к новым жильцам.","Управляющая компания арендной недвижимости: сколько съедает один месяц простоя между арендаторами, если он разом обнуляет годовую доходность объекта?","Управляющая компания арендной недвижимости: ИИ скорит арендаторов по риску неплатежа и заранее сигналит о просрочках для приоритетного взыскания, поднимает собираемость и режет висящие кварталами долги."
24,Диагностический центр,"Здоровье, красота и спорт",Оплата за услугу,"Диагностический центр: как окупить дорогое оборудование и поднять его загрузку, если томограф простаивает полдня, а в расписании зияют окна?","Записываем пациента, готовим к исследованию, проводим МРТ или УЗИ, врач описывает снимки, выдаём заключение и рекомендуем профильного специалиста.","Диагностический центр: отчего дорогой томограф не отбивается, если каждый его простой в пустом окне — это прямой убыток по амортизации?","Диагностический центр: ИИ прогнозирует спрос на слоты и умно заполняет окна с учётом неявок и overbooking, поднимает загрузку томографа и ускоряет окупаемость дорогого оборудования."
25,Необанк,Финансы,Процентная маржа + комиссии,"Необанк: как повысить активацию и LTV клиента, если привлечение дорогое, а после выпуска карты человек проводит одну операцию и засыпает?","Проводим онбординг в приложении, выпускаем карту, подключаем платежи и переводы, предлагаем вклады и кредиты, начисляем кэшбэк и держим поддержку в чате.","Необанк: что толку от миллиона установок приложения, если добрая половина клиентов ни разу не расплатилась картой после дорогого привлечения?","Необанк: ИИ ловит клиентов, засыпающих после выпуска карты, и запускает персональные триггеры на первую и регулярные операции, поднимает активацию и LTV при дорогом привлечении."
26,Дистрибьютор электроники,Производство и оптовая торговля,Оптовая маржа,"Дистрибьютор электроники: как удержать маржу и оборачиваемость, если техника быстро устаревает, а закупленная партия дешевеет прямо на складе?","Закупаем партии у вендоров, храним на складе, менеджеры продают в розницу и опт, отгружаем заказы и обрабатываем гарантийные возвраты.","Дистрибьютор электроники: сколько маржи сгорает, пока партия смартфонов лежит на складе и дешевеет быстрее, чем менеджеры успевают её распродать?","Дистрибьютор электроники: ИИ по скорости продаж и устареванию моделей рассчитывает своевременную уценку партии, распродаёт технику до обвала цены и удерживает маржу и оборачиваемость склада."
27,Оператор посуточной аренды,"Недвижимость, строительство и дом",Аренда / абонентская плата,"Оператор посуточной аренды: как поднять заполняемость и среднюю ставку, если между гостями квартиры простаивают, а уборка и комиссии площадок режут доход?","Готовим квартиры, публикуем объявления, принимаем брони, заселяем гостей, организуем уборку, собираем отзывы и корректируем цену под спрос.","Оператор посуточной аренды: что съедает доход квартиры между заездами, если один день простоя, уборка и комиссии площадок вместе стоят дороже ночи проживания?","Оператор посуточной аренды: ИИ ежедневно пересчитывает ставку под спрос, события и загрузку календаря, сокращает простой между гостями и поднимает среднюю ставку и заполняемость."
28,Медицинская лаборатория,"Здоровье, красота и спорт",Оплата за услугу,"Медицинская лаборатория: как поднять поток анализов и снизить себестоимость теста, если утром очередь на забор, а днём анализаторы стоят без загрузки?","Берём биоматериал, маркируем и штрихкодируем пробирки, центрифугируем и сортируем пробы, ставим на анализаторы, врач валидирует результаты, выдаём заключение пациенту онлайн.","Медицинская лаборатория: где прячется себестоимость, если утром очередь на забор крови, а дорогие анализаторы полдня работают вхолостую?","Медицинская лаборатория: ИИ прогнозирует поток проб и распределяет запись на забор по слотам, выравнивает загрузку анализаторов в течение дня, убирает утреннюю очередь и дневной простой техники, снижая себестоимость теста."
29,Ресторан,HoReCa и гостеприимство,Маржа на заказе,"Ресторан: как удержать фудкост и поднять средний чек, если по пятницам зал забит, а в будни столы пустуют и продукты списываются?","Закупаем продукты, делаем заготовки, кухня готовит по заказам, официанты обслуживают гостей, пробиваем счёт, списываем остатки и считаем фудкост по итогам смены.","Ресторан: как так, что зал полон по выходным, а по итогам месяца ноль, если фудкост, списания и бой посуды тихо доедают всю прибыль?","Ресторан: ИИ прогнозирует продажи блюд по дням недели и задаёт объём заготовок и закупок, сокращает списания в будни и удерживает фудкост при разной загрузке зала."
30,Сервис ремонта бытовой техники,Локальные и бытовые услуги,Оплата за услугу,"Сервис ремонта бытовой техники: как поднять маржу на выездах и запчастях, если мастер тратит полдня на дорогу, а клиент часто отказывается после диагностики?","Принимаем заявку, выезжаем на диагностику, называем цену, при отсутствии детали заказываем её и приезжаем повторно, ремонтируем на месте, проверяем работу и даём гарантию.","Сервис ремонта бытовой техники: во сколько обходится холостой выезд, если мастер приехал через весь город, а клиент передумал чинить после названной цены?","Сервис ремонта бытовой техники: ИИ по описанию и фото неисправности делает предварительную оценку и смету до выезда, отсекает отказников заранее и сокращает холостые выезды, поднимая маржу."
31,Девелопер жилой недвижимости,"Недвижимость, строительство и дом",Проектные услуги,"Девелопер жилой недвижимости: как ускорить темп продаж и удержать маржу проекта, если стройка идёт по графику, а квартиры в сданном доме не распроданы?","Покупаем участок, проектируем дом и получаем разрешения, привлекаем проектное финансирование банка, строим корпуса, продаём квартиры по ДДУ через эскроу, вводим в эксплуатацию и передаём дольщикам.","Девелопер жилой недвижимости: что опаснее — непроданные остатки в уже сданном доме или кассовый разрыв, когда стройка обгоняет темп продаж?","Девелопер жилой недвижимости: ИИ по темпу продаж, воронке лидов и остаткам по типам квартир ежедневно корректирует цены и скидки, распродавая неликвид сданных корпусов без обвала маржи проекта."
32,Клиника репродуктивной медицины,"Здоровье, красота и спорт",Оплата за услугу,"Клиника репродуктивной медицины: как поднять результативность протоколов ЭКО и вернуть пациентов на повторный цикл, чтобы окупить дорогую эмбриологию и оборудование?","Собираем анамнез и назначаем обследование, ведём протокол стимуляции, делаем пункцию фолликулов, оплодотворяем и культивируем эмбрионы в лаборатории, переносим и наблюдаем беременность.","Клиника репродуктивной медицины: почему при среднем чеке в сотни тысяч пациент отваливается ещё до пункции — на очередях, тревоге и неотвеченных звонках?","Клиника репродуктивной медицины: ИИ на данных анамнеза, гормонов и снимков эмбрионов подбирает протокол стимуляции и ранжирует эмбрионы для переноса, повышая долю успешных циклов и возвраты на повторный протокол."
33,Private label бренд на маркетплейсах,E-commerce и маркетплейсы,Производство + продажи,"Private label бренд на маркетплейсах: как удержать маржу при росте комиссий и логистики, если каждый новый SKU требует выкупа партии заранее?","Находим нишу по спросу, заказываем партию у фабрики под своим брендом, снимаем фото и карточки, отгружаем на склад площадки, крутим рекламу и следим за выкупом и остатками.","Private label бренд на маркетплейсах: куда утекает прибыль, когда оборот растёт, а вся маржа оседает в неликвиде на складе и растущей ставке хранения?","Private label бренд на маркетплейсах: ИИ по истории продаж, сезонности и рекламе прогнозирует спрос на каждый SKU перед выкупом партии, снижая неликвид на складе и плату за хранение."
34,Супермаркет,Розничная торговля,Маржа на товаре,"Супермаркет: как поднять маржу и средний чек, если оборот держат низкомаржинальные социально значимые товары, а списания скоропорта съедают прибыль?","Формируем заказ у поставщиков, принимаем и выкладываем товар, ставим ценники и акции, контролируем сроки годности, пробиваем на кассах, проводим инвентаризацию и списываем просрочку.","Супермаркет: сколько прибыли уезжает в мусорный бак каждый вечер, когда молочка и выпечка не проданы, а заказ на завтра уже сделан наугад?","Супермаркет: ИИ по чекам, срокам годности и остаткам считает заказ скоропорта и запускает автоуценку молочки и выпечки перед истечением срока, сокращая вечерние списания и потери маржи."
35,Дистрибьютор автозапчастей,Производство и оптовая торговля,Оптовая маржа,Дистрибьютор автозапчастей: как держать оптовую маржу и не замораживать деньги в складе из десятков тысяч артикулов под тысячи моделей авто?,"Закупаем запчасти у поставщиков, ведём каталог по кросс-номерам, принимаем заявки автосервисов и магазинов, подбираем аналоги, комплектуем и развозим заказы, обрабатываем возвраты брака.","Дистрибьютор автозапчастей: почему при полном складе клиент всё равно уходит к конкуренту — за той единственной позицией, которой не оказалось в наличии?","Дистрибьютор автозапчастей: ИИ по кросс-номерам, VIN и каталогам мгновенно подбирает точный аналог, когда запрошенной позиции нет в наличии, удерживая заявку сервиса вместо ухода к конкуренту."
36,Косметологическая клиника,"Здоровье, красота и спорт",Оплата за услугу,"Косметологическая клиника: как загрузить простаивающие лазеры и косметологов и превратить разовые процедуры в курсы, чтобы вырос LTV клиента?","Консультируем и составляем план процедур, записываем в расписание, ведём инъекции и аппаратные курсы, продаём домашний уход, напоминаем о повторных визитах, следим за расходниками.","Косметологическая клиника: куда утекает выручка, когда дорогой аппарат окупается годами, а клиент делает одну процедуру и не возвращается на курс?","Косметологическая клиника: ИИ по истории процедур и типу кожи клиента рекомендует следующий шаг курса и домашний уход, превращая разовые визиты в курсы и поднимая средний чек и LTV."
37,Платёжный агрегатор,Финансы,Комиссия с транзакций,"Платёжный агрегатор: как нарастить оборот и комиссию, удерживая мерчантов, если каждый лишний процент отказов по платежам гонит их к конкуренту?","Подключаем мерчанта, интегрируем платёжную форму, маршрутизируем транзакции между банками, проверяем операции на фрод, проводим выплаты и возвраты, готовим реестры и сверку.","Платёжный агрегатор: сколько оборота теряется на отклонённых транзакциях, которые были честными, но не прошли слишком грубый фильтр против мошенников?","Платёжный агрегатор: ИИ-антифрод оценивает каждую транзакцию по поведению и устройству, отделяя честные платежи от мошеннических, снижая долю ложных отказов и возвращая мерчантам потерянный оборот."
38,Пиццерия,HoReCa и гостеприимство,Маржа на заказе,"Пиццерия: как поднять маржу на заказе и загрузить печи в будни, если пик приходится на вечер пятницы, а сыр и тесто дорожают?","Принимаем заказы в зале и на доставку, раскатываем тесто и собираем пиццу, выпекаем в печи, комплектуем и передаём курьеру, закупаем сыр и продукты, списываем остатки в конце смены.",Пиццерия: почему при полной посадке в пятницу месяц всё равно уходит в ноль — из-за простоя печей в будни и вечно дорожающего сыра?,"Пиццерия: ИИ прогнозирует спрос по часам и дням и запускает адресные будние акции и комбо, загружая простаивающие вне пятничного пика печи и выравнивая маржу заказа."
39,Дистрибьютор медицинских товаров,Производство и оптовая торговля,Оптовая маржа,"Дистрибьютор медицинских товаров: как держать оптовую маржу, если тендеры сбивают цену, а часть номенклатуры требует холодовой цепи и точных сроков годности?","Закупаем изделия и расходники у производителей, храним по нормам и партиям, участвуем в тендерах и заявках клиник, комплектуем поставки, оформляем регистрационные документы, развозим и ведём отсрочки.","Дистрибьютор медицинских товаров: куда девается прибыль, когда тендер выигран, но отсрочка клиники на 90 дней и списанная просрочка съедают всю наценку?","Дистрибьютор медицинских товаров: ИИ по истории оплат, тендерам и финансовым признакам клиник скорит риск просрочки перед отгрузкой в отсрочку, снижая кассовые разрывы и потери на просроченной дебиторке."
40,Компания по строительству загородных домов,"Недвижимость, строительство и дом",Проектные услуги,"Компания по строительству загородных домов: как удержать маржу проекта и строить больше объектов за сезон, если смета плывёт, а бригад и прорабов не хватает?","Считаем смету по проекту, заключаем договор, закупаем материалы, ведём фундамент, коробку и отделку по этапам, контролируем бригады и сроки, сдаём объект заказчику.","Компания по строительству загородных домов: почему прибыльный на бумаге дом уходит в убыток — на переделках, простое бригад и подорожавших к середине стройки материалах?","Компания по строительству загородных домов: ИИ по проекту, ценам поставщиков и нормам расхода собирает смету и спецификацию за минуты, снижая ошибки расчёта и переделки, съедающие маржу."
41,Химчистка,Локальные и бытовые услуги,Оплата за услугу,"Химчистка: как повысить средний чек и загрузить оборудование в межсезонье, если поток рваный, а каждое испорченное изделие — это претензия и возврат?","Принимаем вещи и оцениваем загрязнения и риски, сортируем по типу ткани и режиму, чистим и отпариваем, контролируем качество, упаковываем и выдаём клиенту, разбираем претензии по порче.","Химчистка: сколько прибыли теряется на одной испорченной шубе, когда компенсация клиенту перекрывает выручку за десятки обычных заказов?","Химчистка: компьютерное зрение по фото изделия при приёмке определяет тип ткани, пятна и риск порчи, подсказывая безопасный режим и фиксируя дефекты, что снижает претензии и компенсации за порчу."
42,Консалтинг по продажам,B2B-услуги и консалтинг,Проектные услуги,"Консалтинг по продажам: как масштабировать проекты и удержать маржу, если результат завязан на двух звёздных консультантах, а внедрение упирается в сопротивление отдела?","Проводим аудит воронки и звонков, находим узкие места, пишем скрипты и регламенты, обучаем менеджеров, внедряем CRM и планёрки, замеряем конверсию и держим результат.","Консалтинг по продажам: почему клиент платит за рост выручки, но через три месяца отдел откатывается к старым привычкам, а виноватым остаётся консультант?","Консалтинг по продажам: ИИ анализирует все звонки и переписку отдела клиента, оценивает соблюдение скриптов и выявляет провалы конверсии, удерживая результат после ухода консультанта и убирая откат к старым привычкам."
43,Дистрибьютор косметики,Производство и оптовая торговля,Оптовая маржа,"Дистрибьютор косметики: как держать оптовую маржу между брендом и розницей, если сети давят на цену, а склад забит сезонными коллекциями с коротким сроком?","Заключаем контракты с брендами, ввозим и растаможиваем товар, храним по срокам годности, набираем заявки магазинов и сетей, комплектуем и развозим, ведём мерчандайзинг и возвраты.","Дистрибьютор косметики: куда уходит наценка, когда сеть требует отсрочку и ретробонус, а сезонная коллекция уже висит на складе мёртвым грузом?","Дистрибьютор косметики: ИИ по остаткам, срокам годности и продажам сетей рассчитывает цены и глубину скидок для сезонных коллекций, распродавая короткосрочный товар до списания и защищая наценку."
44,Архитектурное бюро,"Недвижимость, строительство и дом",Проектные услуги,"Архитектурное бюро: как повысить маржу проекта и брать больше заказов, если каждый эскиз рождается вручную, а согласования с заказчиком тянутся месяцами?","Снимаем задачу и участок, делаем концепцию и эскизы, готовим рабочую документацию, согласуем разделы со смежниками и надзором, ведём авторский надзор на стройке, вносим правки заказчика.","Архитектурное бюро: почему гонорар за проект тает в бесконечных правках, которые заказчик считает мелочью, а бюро — неоплаченными переделками?","Архитектурное бюро: генеративный ИИ по брифу и участку выдаёт несколько вариантов концепции и визуализаций за часы вместо недель, ускоряя согласование с заказчиком и сокращая неоплаченные переделки эскизов."
45,Магазин одежды,Розничная торговля,Маржа на товаре,"Магазин одежды: как поднять маржу и оборачиваемость, если ходовые размеры вымываются за неделю, а остатки коллекции приходится сливать в сезон скидок?","Заказываем коллекцию у поставщиков, принимаем и развешиваем товар, оформляем витрину, консультируем и предлагаем примерку, пробиваем продажи, отслеживаем размерную сетку и уценяем остатки.","Магазин одежды: сколько прибыли лежит мёртвым грузом на вешалках, когда популярных размеров уже нет, а весь неликвид ждёт скидки минус семьдесят?","Магазин одежды: ИИ по продажам, размерной сетке и погоде прогнозирует спрос и вовремя дозаказывает ходовые размеры, сокращая вымывание бестселлеров и остатки, которые уходят в сезонную уценку."
46,Детский лагерь,HR и образование,Оплата за смену,"Детский лагерь: как заполнить все смены сезона и удержать вожатых, если весь годовой доход спрессован в три летних месяца?","Мы набираем детей на смены, готовим программу и корпуса, обучаем и распределяем вожатых, кормим и расселяем отряды, ведём кружки и активности, следим за безопасностью и держим связь с родителями.","Детский лагерь: почему полная смена не значит прибыль, если недобор одного отряда обнуляет заработок за всё короткое лето?","Детский лагерь: ИИ оптимизирует рекламные бюджеты и таргетинг по каналам и сменам, дозаполняя недобранные отряды и снижая стоимость заявки родителя, чтобы каждая смена сезона выходила в плюс."
47,Ростерия (обжарка кофе),Производство и оптовая торговля,Производство + продажи,"Ростерия (обжарка кофе): как балансировать объём обжарки под опт и розницу, чтобы зерно не залёживалось и не теряло свежесть?","Мы закупаем зелёное зерно, обжариваем партиями по профилям, дегустируем и отсеиваем брак, фасуем с датой обжарки, отгружаем оптовым кофейням и продаём в розницу, отслеживая свежесть остатков.","Ростерия (обжарка кофе): сколько прибыли сгорает вместе с зерном, если обжаренная партия теряет цену с каждым днём на полке?","Ростерия (обжарка кофе): ИИ по заказам опта, рознице и свежести остатков планирует объём и график обжарки по профилям, сокращая залежавшееся зерно и потери цены на полке."
48,Дизайн-студия интерьеров,"Недвижимость, строительство и дом",Проектные услуги,"Дизайн-студия интерьеров: как брать больше проектов и держать маржу, если дизайнер тонет в подборе мебели, чертежах и бесконечных правках заказчика?","Снимаем замеры и бриф, делаем планировку и визуализацию, подбираем материалы и мебель, готовим рабочие чертежи, ведём авторский надзор и комплектацию, сдаём объект.","Дизайн-студия интерьеров: почему красивый проект уходит в минус, когда заказчик двадцатый раз меняет диван, а часы дизайнера никто не оплачивает?","Дизайн-студия интерьеров: ИИ-конфигуратор в реальном времени показывает заказчику фотореалистичные варианты мебели и материалов в его планировке, сокращая бесконечные правки и неоплаченные часы дизайнера."
49,Психологический центр,"Здоровье, красота и спорт",Оплата за услугу,"Психологический центр: как повысить удержание клиентов и загрузку психологов, если люди бросают терапию после двух-трёх сессий, а окно записи простаивает?","Принимаем первичный запрос, подбираем специалиста, назначаем сессии в расписании, ведём терапию и динамику клиента, напоминаем о встречах, собираем оплату и обратную связь.","Психологический центр: куда утекает выручка, когда клиент бросает терапию после третьей сессии, а окно в расписании психолога так и остаётся пустым?","Психологический центр: ИИ по первичному запросу и профилям специалистов точнее подбирает психолога под клиента, снижая отсев после двух-трёх сессий и заполняя простаивающие окна в расписании."
50,Fulfillment-оператор,"Логистика, транспорт и авто",Оплата за услугу,"Fulfillment-оператор: как поднять маржу на обработке заказов и загрузить склад, если тарифы за операцию низкие, а пики продаж требуют лишних рук?","Принимаем товар селлеров на склад, размещаем и учитываем остатки, собираем и упаковываем заказы, маркируем по требованиям площадок, отгружаем в доставку, обрабатываем возвраты и хранение.","Fulfillment-оператор: почему при тысячах отгрузок в день оператор еле выходит в ноль — на ошибках сборки, возвратах и простое склада между пиками?","Fulfillment-оператор: ИИ по потоку заказов и календарю площадок прогнозирует почасовую нагрузку и планирует смены сборщиков, убирая простой между пиками и переработки в часы отгрузок."
51,Производитель одежды,Производство и оптовая торговля,Производство + продажи,"Производитель одежды: как поднять маржу и выпускать коллекции быстрее, если лекала и раскрой тормозят поток, а швейный цех то простаивает, то в авале?","Разрабатываем модель и лекала, закупаем ткань и фурнитуру, кроим, шьём партию в цеху, контролируем качество и посадку, утюжим и упаковываем, отгружаем оптовым заказчикам.","Производитель одежды: куда уходит прибыль, когда цех то стоит без загрузки, то срывает сроки, а рулоны дорогой ткани лежат в остатках раскроя?","Производитель одежды: ИИ планирует загрузку швейного цеха и очередность раскроя по заказам и срокам, сглаживая простои и авралы и поднимая утилизацию оборудования между коллекциями."
52,Производитель кухонь на заказ,"Недвижимость, строительство и дом",Производство + продажи,"Производитель кухонь на заказ: как сократить срок от замера до монтажа и держать маржу, если каждый проект уникален, а ошибка в размерах дорого стоит?","Снимаем замер, проектируем кухню и считаем спецификацию, заказываем фурнитуру, распиливаем и кромим ЛДСП, собираем корпуса, доставляем и монтируем у клиента.","Производитель кухонь на заказ: сколько маржи сгорает на одной ошибке в замере, когда готовый фасад не встаёт по месту и весь модуль идёт в переделку?","Производитель кухонь на заказ: ИИ по замеру автоматически строит спецификацию, карту раскроя и проверяет коллизии размеров до распила, сокращая ошибки и дорогие переделки фасадов и модулей."
53,Продавец одежды на маркетплейсах,E-commerce и маркетплейсы,Маржа на товаре,"Продавец одежды на маркетплейсах: как удержать маржу при росте ДРР и возвратов, если примерки клиентов превращают половину поставки в обратную логистику?","Закупаем модели у поставщиков, снимаем фото и заполняем карточки, отгружаем на склад площадки, ведём рекламу и цену, отслеживаем выкуп, ДРР и остатки, обрабатываем возвраты.","Продавец одежды на маркетплейсах: правда ли, что каждый второй заказ возвращается — и вся прибыль тонет в обратной логистике и помятом при примерке товаре?","Продавец одежды на маркетплейсах: ИИ по параметрам покупателя и отзывам о посадке рекомендует точный размер на карточке, снижая долю возвратов и обратную логистику, съедающую маржу."
54,Оператор денежных переводов,Финансы,Комиссия с транзакций,"Оператор денежных переводов: как нарастить объём переводов и комиссию, удерживая клиентов, если курс и тариф конкурентов сбивают вашу и без того тонкую маржу?","Принимаем перевод от отправителя, проверяем клиента и лимиты, конвертируем валюту, проводим операцию через партнёрскую сеть, выдаём средства получателю, ведём отчётность и комплаенс.","Оператор денежных переводов: куда утекает комиссия, когда клиент сравнивает курс за секунду и уходит к тому, у кого дешевле на полпроцента?","Оператор денежных переводов: ИИ по коридорам, объёму и чувствительности сегмента динамически подбирает курс и комиссию, удерживая клиента, сравнивающего цену за секунду, без обвала и без того тонкой маржи."
55,Магазин косметики,Розничная торговля,Маржа на товаре,"Магазин косметики: как поднять средний чек и оборачиваемость полки, если тестеры и просрочка бьют по марже, а покупатель приходит за одной конкретной позицией?","Заказываем ассортимент у дистрибьюторов, выкладываем товар и обновляем тестеры, консультируем по подбору, пробиваем продажи, следим за сроками годности и хитами, списываем просрочку.","Магазин косметики: сколько прибыли уходит в тестеры и просрочку, пока полка забита ассортиментом, а покупают одни и те же десять позиций?","Магазин косметики: ИИ по продажам и оборачиваемости чистит ассортимент, оптимизирует выкладку и заказ, сокращая просрочку и лишние тестеры и высвобождая полку под реально покупаемые позиции."
56,Компания по натяжным потолкам,"Недвижимость, строительство и дом",Проектные услуги,"Компания по натяжным потолкам: как уплотнить график монтажных бригад и поднять маржу, если замер и установка часто идут одним выездом?","Мы принимаем заявку, выезжаем на замер, считаем смету и материал, кроим полотно, монтируем каркас и натягиваем потолок за один выезд, ставим светильники и сдаём работу заказчику.","Компания по натяжным потолкам: где прячется прибыль, если за целый день бригада натягивает один потолок, а половину смены съедают дорога и замеры?","Компания по натяжным потолкам: ИИ группирует замеры и монтажи по географии и строит маршруты бригад, уплотняя график выездов и сокращая время на дорогу, что поднимает число объектов в день."
57,Телемедицинский сервис,"Здоровье, красота и спорт",Оплата за услугу,"Телемедицинский сервис: как повысить повторные обращения и загрузку врачей, если пациент приходит с одним вопросом и больше не возвращается на платформу?","Принимаем обращение пациента, распределяем к профильному врачу, проводим видеоконсультацию, оформляем заключение и рекомендации, назначаем повторный приём, ведём историю и оплату.","Телемедицинский сервис: куда утекает выручка, когда пациент задал один вопрос, закрыл приложение и записался к живому врачу вместо повторной консультации?","Телемедицинский сервис: ИИ выявляет пациентов с риском не вернуться и запускает персональные follow-up по итогам консультации, поднимая долю повторных обращений и загрузку врачей платформы."
58,Экспедиторская компания,"Логистика, транспорт и авто",Оплата за услугу,"Экспедиторская компания: как поднять маржу на перевозке и загрузить машины в обе стороны, если порожние пробеги и простои на погрузке съедают ставку?","Принимаем заявку на груз, подбираем перевозчика и машину, оформляем документы и страховку, отслеживаем рейс, контролируем погрузку и выгрузку, закрываем документы и рассчитываемся.","Экспедиторская компания: сколько ставки съедает порожний обратный рейс, когда машина едет назад пустой, а водитель всё равно стоит на погрузке полдня?","Экспедиторская компания: ИИ подбирает обратную загрузку и строит маршруты под заявки, сокращая порожние пробеги и простои на погрузке, что поднимает маржу на рейсе."
59,Агентство временного персонала,HR и образование,Почасовая оплата / маржа на персонале,"Агентство временного персонала: как удержать маржу на персонале и закрывать пиковые заявки, если работники срывают смены, а клиент требует замену за час?","Собираем заявку клиента на смену, подбираем и оформляем работников, распределяем на объекты, ведём учёт часов и табель, контролируем выходы и замены, начисляем оплату и берём свою маржу.","Агентство временного персонала: куда утекает маржа, когда треть смены не выходит, клиент штрафует за срыв, а замену приходится искать за час до открытия?","Агентство временного персонала: ИИ скорит надёжность работников по истории выходов и мгновенно подбирает замену из пула под срочную заявку, снижая срывы смен и штрафы клиентов."
60,Производитель обуви,Производство и оптовая торговля,Производство + продажи,"Производитель обуви: как выпускать больше пар за сезон и держать маржу, если колодки и раскрой кожи тормозят поток, а размерная сетка раздувает остатки?","Разрабатываем модель и колодку, раскраиваем кожу и материалы, шьём заготовку верха, затягиваем на колодке и крепим подошву, контролируем качество, упаковываем по размерам и отгружаем.","Производитель обуви: куда уходит прибыль, когда ходовые размеры распроданы, а склад забит крайними — которые не берут даже со скидкой?","Производитель обуви: ИИ по продажам и размерной сетке прогнозирует спрос и план тиража по размерам, сокращая склад неходовых крайних размеров и вымывание популярных пар."
61,Суши-доставка,HoReCa и гостеприимство,Маржа на заказе,"Суши-доставка: как поднять маржу заказа и загрузить кухню в будни, если пик — вечер выходных, рыба дорогая, а агрегаторы забирают комиссию?","Принимаем заказ через сайт и агрегаторы, крутим рис и собираем роллы, комплектуем набор с имбирём и соусами, передаём курьеру, закупаем рыбу и следим за свежестью, списываем остатки смены.","Суши-доставка: почему при полном потоке в пятницу прибыль тает — между комиссией агрегатора, дорогой рыбой и роллами, списанными к концу смены?","Суши-доставка: прогноз спроса на роллы по часам и дням из истории заказов агрегаторов задаёт объём нарезки рыбы и заготовок, сокращая списания к концу смены и поднимая маржу заказа."
62,Прачечная самообслуживания,Локальные и бытовые услуги,Комиссия / usage-based,Прачечная самообслуживания: как повысить выручку с одной машины и заполнить дневные простои между вечерними и выходными пиками?,"Обслуживаем зал и стиральные машины, принимаем оплату циклов картой или в приложении, пополняем автоматы с порошком, поддерживаем сушку в работе и ремонтируем оборудование без постоянного персонала.","Прачечная самообслуживания: почему барабаны крутятся на всю мощность вечером, но полдня стоят пустыми и всё это время съедают аренду?",Прачечная самообслуживания: динамическое ценообразование циклов по времени суток — дневные скидки в приложении из данных загрузки машин заполняют простой между вечерними пиками и поднимают выручку с барабана.
63,Продавец косметики на маркетплейсах,E-commerce и маркетплейсы,Маржа на товаре,"Продавец косметики на маркетплейсах: как удержать маржу при растущей комиссии и ДРР, если у тюбиков есть срок годности?","Закупаем партии у поставщика, оформляем карточки, отгружаем на склад площадки, крутим рекламу, отвечаем на отзывы, обрабатываем возвраты и списываем просрочку.","Продавец косметики на маркетплейсах: куда утекает прибыль, если выкуп растёт, а остатки крема надо продать раньше, чем закончится срок годности?","Продавец косметики на маркетплейсах: прогноз спроса по SKU и сроку годности из продаж и остатков площадки задаёт размер партий закупки, снижая просрочку и замороженные в неликвиде деньги."
64,Производитель мебели,Производство и оптовая торговля,Производство + продажи,"Производитель мебели: как поднять маржу и сократить брак, если каждый заказ считается вручную под индивидуальный размер?","Разрабатываем модельный ряд, закупаем ЛДСП и фурнитуру, распиливаем и кромим детали, сверлим присадку и собираем корпуса партиями, упаковываем в плоские короба, храним на складе и отгружаем в розницу и опт.","Производитель мебели: правда ли, что прибыль съедает не сырьё, а один неверный замер, из-за которого лист уходит в брак и переделку?","Производитель мебели: ИИ по индивидуальным размерам заказа автоматически формирует спецификацию, карту раскроя и смету, убирая ошибки ручного расчёта и брак листа ЛДСП из-за неверного замера."
65,Компания по установке окон,"Недвижимость, строительство и дом",Проектные услуги,Компания по установке окон: как выровнять загрузку бригад между летним валом заказов и зимним простоем без потери маржи?,"Снимаем замер, заключаем договор, заказываем изготовление конструкций, везём на объект, демонтируем старое, монтируем и запениваем, сдаём по акту.","Компания по установке окон: что ломается первым, когда летом заказов больше, чем монтажников, а зимой бригады сидят без выработки?","Компания по установке окон: прогноз сезонного потока заявок по годам и погоде планирует загрузку бригад заранее, сглаживая летний перегруз и зимний простой без потери выработки."
66,Компания по монтажу кондиционеров,"Недвижимость, строительство и дом",Проектные услуги,"Компания по монтажу кондиционеров: как заработать в короткий летний сезон столько, чтобы хватило на межсезонье с почти нулевым спросом?","Принимаем заявку, выезжаем на замер, бурим отверстие под трассу, вешаем внутренний и внешний блоки, прокладываем и вакуумируем магистраль, запускаем и проверяем сплит-систему.","Компания по монтажу кондиционеров: сколько выручки утекает в жару, когда телефон разрывается, а свободных бригад на монтаж уже нет?","Компания по монтажу кондиционеров: ИИ строит плотные маршруты и расписание бригад в пик, вмещая больше монтажей за смену и снимая максимум выручки короткого сезона."
67,Грузоперевозочная компания,"Логистика, транспорт и авто",Оплата за услугу,"Грузоперевозочная компания: как поднять доходность рейса и убрать пустые пробеги, если обратная дорога часто идёт порожняком?","Принимаем заявку, подбираем машину на рейс, загружаемся у отправителя, везём груз по маршруту, выгружаем, ищем попутную загрузку и возвращаемся на базу.","Грузоперевозочная компания: куда уезжает прибыль, если фура едет туда с грузом, а обратно — с воздухом и полным баком солярки?","Грузоперевозочная компания: ИИ подбирает попутную загрузку под обратный маршрут из заявок и бирж грузов, сокращая порожние пробеги и расход солярки и поднимая доходность рейса."
68,Производитель матрасов,Производство и оптовая торговля,Производство + продажи,"Производитель матрасов: как масштабировать продажи габаритного товара, если каждый матрас занимает место на складе и в доставке?","Закупаем пружинные блоки и пену, режем наполнитель, шьём чехол, собираем слои, упаковываем в рулон или короб, храним на складе и развозим клиентам.","Производитель матрасов: почему товар с хорошей наценкой всё равно балансирует у нуля, когда склад и доставка съедают её своим объёмом?","Производитель матрасов: ИИ консолидирует доставки габарита в общие рейсы и строит маршруты по адресам заказов, снижая долю логистики и хранения в цене каждого матраса."
69,Ветеринарная клиника,"Здоровье, красота и спорт",Оплата за услугу,"Ветеринарная клиника: как повысить выручку с приёма и загрузить врачей, не превращая владельца питомца в вечно ждущего в очереди?","Ведём запись, принимаем животное, осматриваем, берём анализы, ставим диагноз, назначаем лечение или оперируем, продаём корма и препараты из аптеки.","Ветеринарная клиника: где теряются деньги, когда врач занят одним тяжёлым случаем, а очередь из плановых прививок расходится по конкурентам?","Ветеринарная клиника: ИИ по картам питомцев напоминает о плановых прививках, дегельминтизации и повторных приёмах точно в срок, возвращая владельцев вместо ухода к конкурентам."
70,Консалтинг по франчайзингу,B2B-услуги и консалтинг,Проектные услуги,"Консалтинг по франчайзингу: как поставить продажу франшиз на поток и жить не только с разового паушального взноса, но и с роялти?","Аудируем бизнес клиента, упаковываем стандарты и финмодель, регистрируем товарный знак и готовим договор концессии, собираем продающую презентацию, находим покупателей лотов и сопровождаем первые запуски.","Консалтинг по франчайзингу: что скрывается за красивой упаковкой, если франшизу продали, паушалку взяли, а франчайзи прогорел через полгода?","Консалтинг по франчайзингу: RAG-ассистент по стандартам и финмодели отвечает франчайзи на вопросы запуска из базы регламентов, снижая долю прогоревших точек и защищая поток роялти."
71,Продавец товаров для дома на маркетплейсах,E-commerce и маркетплейсы,Маржа на товаре,"Продавец товаров для дома на маркетплейсах: как удержать маржу на габаритном товаре, если логистика и хранение съедают наценку быстрее комиссии?","Ищем ходовые позиции, закупаем партию, снимаем фото и заполняем карточки, отгружаем на склад площадки, продвигаем рекламой, следим за остатками и стоимостью хранения габарита, обрабатываем возвраты.","Продавец товаров для дома на маркетплейсах: почему объёмный товар с виду продаётся, а за его хранение площадка списывает больше, чем он приносит?","Продавец товаров для дома на маркетплейсах: ИИ считает оборачиваемость и стоимость хранения по каждому габаритному SKU, отсекая позиции, где склад площадки съедает наценку быстрее, чем товар продаётся."
72,Производитель окон и дверей,Производство и оптовая торговля,Производство + продажи,"Производитель окон и дверей: как загрузить цех ровно и вырасти на опте, если поток заказов от дилеров скачет от сезона к сезону?","Принимаем заявки от дилеров, режем профиль, армируем, спаиваем рамы, ставим стеклопакет и фурнитуру, комплектуем партию и отгружаем на объекты.","Производитель окон и дверей: что съедает маржу, если дилеры давят на цену, а цех то стоит без загрузки, то не успевает в сезон?","Производитель окон и дверей: прогноз заказов дилеров по сезону и истории отгрузок выравнивает план производства и закупку профиля, убирая простой цеха в межсезонье и авралы в пик."
73,Магазин электроники,Розничная торговля,Маржа на товаре,"Магазин электроники: как заработать, если наценка на технику тает, а деньги делаются на аксессуарах, гарантии и сервисе?","Закупаем товар, выставляем на витрину, консультируем покупателя, продаём технику с допами, оформляем гарантию и рассрочку, принимаем возвраты и учитываем склад.","Магазин электроники: правда ли, что смартфон на витрине почти не приносит прибыли, а вся маржа прячется в чехле и страховке рядом с ним?","Магазин электроники: ИИ по модели в чеке рекомендует продавцу релевантные аксессуары, гарантию и сервис, поднимая долю высокомаржинальных допов и средний чек там, где на самой технике наценка минимальна."
74,Dark kitchen,HoReCa и гостеприимство,Маржа на заказе,"Dark kitchen: как поднять маржу заказа, если комиссия агрегатора и себестоимость блюда почти не оставляют места для прибыли?","Закупаем продукты, готовим блюда нескольких виртуальных брендов по чек-листам, принимаем заказы из агрегаторов, собираем и упаковываем, передаём курьерам, держим скорость и рейтинг, следим за себестоимостью порции.","Dark kitchen: куда исчезает прибыль кухни без зала, если агрегатор забирает четверть чека, а лишняя минута сборки роняет рейтинг?","Dark kitchen: ИИ разбирает отзывы и оценки из агрегаторов по каждому виртуальному бренду, вычленяя причины падения рейтинга — долгую сборку, ошибки набора — чтобы удерживать рейтинг и поток заказов."
75,Ателье,Локальные и бытовые услуги,Оплата за услугу,Ателье: как поднять выручку с одного мастера и уйти от копеечной подгонки к дорогому пошиву и срочным заказам?,"Принимаем вещь, снимаем мерки, обсуждаем правки, подкалываем на примерке, перешиваем или шьём с нуля, зовём на вторую примерку и выдаём готовое.","Ателье: почему мастер весь день подшивает брюки за копейки, а очередь на дорогой пошив стоит, потому что руки заняты мелочью?","Ателье: ИИ при приёме оценивает доходность и сложность каждого заказа и приоритизирует в расписании мастера дорогой пошив и срочные, чтобы время не уходило на копеечную подгонку."
76,Производитель строительных материалов,Производство и оптовая торговля,Производство + продажи,"Производитель строительных материалов: как держать загрузку линии круглый год, если спрос жёстко привязан к строительному сезону?","Закупаем сырьё, замешиваем и формуем партию, сушим, проверяем качество, складируем продукцию, комплектуем заказ и отгружаем дилерам и на объекты.","Производитель строительных материалов: что происходит с деньгами, когда летом линия не успевает, а зимой склад забит непроданными паллетами?",Производитель строительных материалов: динамическое ценообразование с зимними скидками дилерам по данным спроса и складских остатков разгружает забитый межсезонный склад и держит линию загруженной круглый год.
77,Электромонтажная компания,"Недвижимость, строительство и дом",Проектные услуги,"Электромонтажная компания: как повысить прибыль с объекта и не терять на переделках, если проект и смета часто расходятся с фактом?","Составляем проект, считаем смету, штробим стены, прокладываем кабель, монтируем щит и розетки, прозваниваем линии и сдаём объект по актам.","Электромонтажная компания: что остаётся от прибыли объекта, если смету считали на глаз, а кабеля и работы по факту ушло в полтора раза больше?","Электромонтажная компания: ИИ по проекту и плану помещения автоматически считает смету — метраж кабеля, число точек, работы — сближая план с фактом и убирая убыток от недосчитанных материалов и переделок."
78,HR-аутсорсинг,HR и образование,Абонентское обслуживание,"HR-аутсорсинг: как масштабировать число клиентов на абонентке, если каждый новый договор добавляет ручной кадровой рутины?","Подхватываем кадровый учёт клиента, ведём документы и приказы, закрываем подбор, оформляем приёмы и увольнения, следим за сроками и сдаём отчётность.","HR-аутсорсинг: что мешает расти, если новых клиентов берёшь легко, а каждый тонет в трудовых книжках, приказах и оформлении вручную?","HR-аутсорсинг: ИИ распознаёт паспорта, СНИЛС и трудовые и автозаполняет приказы и кадровые формы, убирая ручной ввод, чтобы брать больше клиентов на абонентку без роста штата."
79,Сервис интернет-эквайринга,Финансы,Комиссия с транзакций,"Сервис интернет-эквайринга: как нарастить оборот и удержать маржу на тонкой комиссии, если чарджбеки и фрод бьют по каждой транзакции?","Подключаем мерчанта, интегрируем платёжную форму, проводим транзакции, удерживаем комиссию, разбираем чарджбеки, ловим фрод и выплачиваем выручку продавцу на счёт.","Сервис интернет-эквайринга: сколько зарабатываешь на доле процента, если один спорный платёж и чарджбек съедают прибыль с сотни успешных?","Сервис интернет-эквайринга: ИИ-антифрод по паттернам транзакций мерчанта в реальном времени помечает аномальные платежи и вероятные чарджбеки, сокращая потери и споры, съедающие тонкую комиссию."
80,Бухгалтерский аутсорсинг,B2B-услуги и консалтинг,Абонентское обслуживание,"Бухгалтерский аутсорсинг: как взять больше клиентов на абонентке, если разбор первички и сверки съедают всё время бухгалтера?","Собираем первичку клиента, разносим по учёту, сверяем с контрагентами, считаем налоги, готовим декларации, сдаём отчётность и отвечаем на требования.","Бухгалтерский аутсорсинг: как выходит, что абонентка фиксированная, а клиент с горой неразобранных чеков и актов уводит вас в глубокий минус?","Бухгалтерский аутсорсинг: ИИ распознаёт первичку — счета, акты, накладные — и разносит по учёту с автосверкой контрагентов, освобождая время бухгалтера на новых клиентов абонентки."
81,Салон красоты,"Здоровье, красота и спорт",Оплата за услугу,"Салон красоты: как поднять выручку с кресла и закрыть пустые окна в расписании, если аренда и расходники капают каждый день?","Ведём запись и подбираем мастера, встречаем клиента, стрижём, красим и укладываем, предлагаем уход и допуслуги, берём оплату, зовём на повтор и докупаем расходники.","Салон красоты: сколько теряет салон на пустых окнах между записями, за которые аренда капает так же, как за занятые кресла?","Салон красоты: ИИ дозаполняет пустые окна между записями, предлагая клиентам из базы удобный слот и короткую услугу, поднимая утилизацию кресел и выручку с арендуемого места."
82,Компания по международным перевозкам,"Логистика, транспорт и авто",Оплата за услугу,"Компания по международным перевозкам: как ускорить оборот денег и не терять маржу на простоях, если груз застревает на таможне и в документах?","Принимаем заявку, подбираем перевозчика и букируем фрахт, строим мультимодальный маршрут, оформляем документы и страховку, проходим таможню через брокера, ведём груз через границы и передаём получателю.","Компания по международным перевозкам: сколько стоит один день простоя на таможне, если фура ждёт бумагу, а клиент считает срок, а не километры?","Компания по международным перевозкам: ИИ извлекает данные из инвойсов, упаковочных листов и CMR и готовит пакет к таможне, сокращая простой фуры на границе из-за документов."
83,Фотоателье,Локальные и бытовые услуги,Оплата за услугу,"Фотоателье: как повысить средний чек и поток, если основная выручка — это дешёвые фото на документы за пару минут?","Усаживаем клиента, делаем снимок, подгоняем под требования документа, ретушируем, печатаем в нужном формате, режем и выдаём готовые фото или файл.","Фотоателье: почему очередь за фото на паспорт есть всегда, а денег с неё мало, пока дорогая печать и портреты простаивают?","Фотоателье: ИИ-ретушь и генерация деловых портретов и стилизованных фото из одного снимка превращают дешёвую съёмку на документы в апселл, поднимая средний чек и загружая простаивающую печать."
84,Мебельный салон,Розничная торговля,Маржа на товаре,"Мебельный салон: как поднять конверсию шоурума и не терять клиента, если между заказом и доставкой с фабрики проходят недели?","Выставляем образцы, консультируем посетителя, подбираем комплектацию и ткань, оформляем заказ на фабрике, ждём производства, принимаем поставку и организуем сборку у клиента.","Мебельный салон: что уводит покупателя, если диван понравился, но ждать его с фабрики месяц, а решение он принимает сегодня?","Мебельный салон: 3D-конфигуратор показывает выбранный диван в нужной ткани и в интерьере клиента прямо в шоуруме, удерживая решение здесь и сейчас, пока фабрика делает заказ недели."
85,Производитель упаковки,Производство и оптовая торговля,Производство + продажи,"Производитель упаковки: как заработать на мелких тиражах и не проседать по марже, если приладка и штампы дорожают под каждый заказ?","Принимаем макет, подбираем картон, изготавливаем штамп, делаем цветопробу, печатаем тираж, высекаем и склеиваем коробки, пакуем и отгружаем клиенту.","Производитель упаковки: куда уходит прибыль на маленьком заказе, если приладка машины и новый штамп стоят как половина всего тиража?","Производитель упаковки: ИИ автоматически рассчитывает цену заказа с учётом приладки, стоимости штампа и раскроя картона, чтобы мелкие тиражи не уходили в минус, а КП считалось за минуты."
86,Лизинговая компания,Финансы,Комиссия с транзакций,"Лизинговая компания: как нарастить портфель и не увязнуть в просрочке, если каждая сделка — это чужой риск на годы вперёд?","Принимаем заявку, скорим клиента, покупаем предмет лизинга, берём аванс, составляем график платежей, ведём договор, а при просрочке изымаем и перепродаём имущество.","Лизинговая компания: чем оборачивается растущий портфель, если один клиент перестал платить, а изъятый актив стоит уже вдвое дешевле?","Лизинговая компания: риск-скоринг заявителя по финансам, отрасли и ликвидности предмета лизинга отсекает сделки с высокой вероятностью просрочки, снижая долю дефолтов и потери на перепродаже изъятого."
87,Интернет-магазин электроники,E-commerce и маркетплейсы,Маржа на товаре,"Интернет-магазин электроники: как удержать маржу на тонкой наценке, если возвраты, доставка и брошенные корзины съедают прибыль с заказа?","Наполняем каталог, принимаем онлайн-заказ, резервируем товар на складе, собираем и упаковываем, отправляем доставкой, консультируем по гарантии и обрабатываем возвраты.","Интернет-магазин электроники: во что превращается прибыль заказа, если покупатель сравнил цену до копейки, а потом ещё и вернул товар после доставки?","Интернет-магазин электроники: ИИ ловит брошенные корзины и предсказывает уходящих покупателей, запуская триггерные письма и точечную скидку, чтобы вернуть заказ на тонкой марже без сплошных распродаж."
88,Зарплатный аутсорсинг,HR и образование,Абонентское обслуживание,"Зарплатный аутсорсинг: как взять больше сотрудников на расчёт, не раздувая штат, если каждый месяц упирается в жёсткие сроки выплат?","Собираем табели клиента, считаем зарплату и налоги, формируем ведомости, готовим платёжки, сдаём отчётность в фонды и отвечаем на вопросы сотрудников.","Зарплатный аутсорсинг: почему абонентка за сотрудника кажется прибыльной, пока в конце месяца все клиенты требуют расчёт в один и тот же день?","Зарплатный аутсорсинг: ИИ прогнозирует пик расчётов к концу месяца по числу клиентов и сотрудников и распределяет нагрузку расчётчиков заранее, чтобы уложиться в сроки выплат без раздувания штата."
89,Типография,Производство и оптовая торговля,Производство + продажи,"Типография: как поднять маржу на срочных заказах и загрузить машины ровно, если приладка съедает время между мелкими тиражами?","Принимаем макет, подбираем бумагу, делаем цветопробу, выводим формы, приладываем печать, гоним тираж, режем, ламинируем и брошюруем, выдаём заказ.","Типография: куда девается прибыль, если печатная машина час крутится на приладке ради тиража, который потом печатается за десять минут?","Типография: ИИ группирует заказы по формату, бумаге и краске и строит очередь печати так, чтобы сократить число приладок между мелкими тиражами и поднять загрузку машин."
90,Сантехническая компания,"Недвижимость, строительство и дом",Проектные услуги,"Сантехническая компания: как поднять выручку с бригады и зарабатывать на плановых работах, а не только на дешёвых аварийных вызовах?","Принимаем вызов, выезжаем на диагностику, перекрываем воду, меняем трубы и приборы, переделываем разводку, проверяем на течь и подписываем акт.","Сантехническая компания: почему аварийные вызовы идут потоком, а прибыли мало, если бригада тушит потопы вместо дорогих плановых монтажей?","Сантехническая компания: ИИ по данным аварийного выезда — возраст труб, состояние разводки — подсказывает мастеру плановую замену и КП на монтаж, превращая дешёвый вызов в дорогой заказ."
91,Пекарня,HoReCa и гостеприимство,Маржа на заказе,"Пекарня: как поднять маржу и убрать вечерние списания, если весь спрос — это утренний поток за свежим хлебом?","Замешиваем тесто ночью, расстаиваем, выпекаем партии к утру, выкладываем витрину, допекаем ходовые позиции днём, а к вечеру списываем непроданное.","Пекарня: сколько прибыли уходит в мусорный бак каждый вечер, когда утренний ажиотаж схлынул, а полки всё ещё полны нераспроданной выпечки?","Пекарня: прогноз почасового спроса по чекам за 12 месяцев и погоде задаёт размер утренних и дневных партий, срезая вечерние списания на 25–35% и поднимая маржу."
92,Барбершоп,"Здоровье, красота и спорт",Оплата за услугу,"Барбершоп: как поднять выручку с кресла и удержать топ-барберов, если они уходят и уводят клиентскую базу с собой?","Ведём онлайн-запись через админа, стрижём и бреем по слотам, продаём уход на кассе, напоминаем о визите, ведём соцсети и удерживаем мастеров процентом.","Барбершоп: почему при полной записи прибыль тает, а «окна» между клиентами и простои в будни съедают половину рабочей смены?","Барбершоп: алгоритм уплотняет запись по истории слотов и длительности услуг мастеров, закрывая будние окна между клиентами и поднимая утилизацию кресла с 60% до 80%."
93,Производитель наружной рекламы,Производство и оптовая торговля,Производство + продажи,"Производитель наружной рекламы: как зарабатывать на потоке, а не на разовых вывесках, если каждый заказ уникален по замеру и монтажу?","Выезжаем на замер, готовим макет и смету, согласуем с заказчиком, режем и печатаем, собираем короб и выезжаем на монтаж.","Производитель наружной рекламы: куда утекает маржа, если цех загружен, а между замером, правками макета и монтажом проходят недели?","Производитель наружной рекламы: генеративный ИИ по фото объекта и брифу собирает 3–4 варианта макета вывески за минуты, сокращая круг правок и срок от замера до монтажа на неделю."
94,Финансовый директор на аутсорсе,B2B-услуги и консалтинг,Абонентское обслуживание,"Финансовый директор на аутсорсе: как взять больше клиентов на абонент, не утонув в ручной сборке отчётов по каждому из них?","Собираем данные из учёта клиента, сводим управленческий отчёт с P&L и кэшфлоу, строим бюджет и платёжный календарь, находим кассовые разрывы и точки роста, защищаем решения перед собственником.","Финансовый директор на аутсорсе: почему эксперт продаёт стратегию, а по факту половину месяца сводит чужие таблицы вручную?","Финансовый директор на аутсорсе: ИИ распознаёт выписки, счета и оборотки клиента и автоматически сводит P&L и кэшфлоу, освобождая до половины месяца на новых абонентов."
95,Кинотеатр,Развлечения и культура,Билеты + дополнительные продажи,"Кинотеатр: как поднять выручку с сеанса, если билет почти не приносит маржи, а весь заработок держится на попкорне и баре?","Бронируем прокатные копии у дистрибьюторов, верстаем расписание сеансов, продаём билеты онлайн и в кассе, отпускаем попкорн и напитки в баре, крутим рекламу перед показом и убираем залы.","Кинотеатр: правда ли, что пустой дневной сеанс и очередь за попкорном, не успевшая до старта фильма, — это одна и та же дыра в кассе?","Кинотеатр: динамическое ценообразование билетов по заполняемости, дню и релизу поднимает цену вечерних сеансов и распродаёт пустые дневные, увеличивая выручку с кресла на 10–15%."
96,Интернет-магазин мебели,E-commerce и маркетплейсы,Маржа на товаре,"Интернет-магазин мебели: как расти в продажах, если каждый диван — это долгая доставка, сборка и риск дорогого возврата крупногабарита?","Наполняем карточки с размерами и фото, помогаем подобрать габариты, принимаем заказ, везём со склада или от фабрики, поднимаем и собираем на месте, отрабатываем возвраты крупногабарита.","Интернет-магазин мебели: куда исчезает прибыль, когда корзину бросают на «уточните размеры», а привезённый шкаф не влезает в лифт?","Интернет-магазин мебели: AR-конфигуратор ставит диван по реальным габаритам в интерьер клиента, снижая брошенные на «уточните размеры» корзины и возвраты крупногабарита на 20–30%."
97,Металлообрабатывающее предприятие,Производство и оптовая торговля,Производство + продажи,"Металлообрабатывающее предприятие: как считать реальную себестоимость детали и держать маржу, если станки простаивают между заказами, а брак съедает партию?","Принимаем чертёж, считаем смету, закупаем металл, программируем ЧПУ, точим и фрезеруем партию, проверяем ОТК и отгружаем заказчику.","Металлообрабатывающее предприятие: почему при загруженных станках цех уходит в минус, если переналадка и просчёт в смете дороже самой детали?","Металлообрабатывающее предприятие: ИИ по чертежу и норме времени считает себестоимость детали с учётом переналадки и металла, ускоряя смету и убирая просчёты, что держит маржу заказа."
98,Клининговая компания,"Недвижимость, строительство и дом",Проектные услуги,"Клининговая компания: как выйти на постоянные объекты и стабильную выручку, если бизнес живёт от разовых уборок и текучки уборщиц?","Принимаем заявку, считаем площадь и смету, собираем бригаду, выдаём химию и инвентарь, убираем объект, принимаем работу и выставляем счёт.","Клининговая компания: куда утекает прибыль, если бригада выехала на объект, а половина дня ушла на дорогу, простой и переделку?","Клининговая компания: ИИ строит маршруты и графики бригад по адресам, площадям и пробкам, срезая время в дороге и простой на 20–30% и повышая выработку с бригады."
99,Магазин строительных материалов,Розничная торговля,Маржа на товаре,"Магазин строительных материалов: как не морозить деньги в складе, если сезон короткий, ассортимент огромный, а половина позиций лежит неликвидом?","Закупаем ходовые позиции, храним на складе, рассчитываем материалы под смету клиента, консультируем и пробиваем на кассе, грузим и доставляем на объект, следим за остатками ходового и неликвидом.","Магазин строительных материалов: почему выручка есть, а денег нет, если ходовой цемент кончился, а неликвид пылится на паллетах полгода?","Магазин строительных материалов: прогноз спроса по сезону и истории продаж по каждой позиции задаёт закупку, сокращая неликвид на паллетах и вымывание ходового цемента из наличия."
100,Факторинговая компания,Финансы,Комиссия с транзакций,"Факторинговая компания: как наращивать портфель финансирования поставок, не раздувая риск неплатежа по каждому новому дебитору?","Проверяем поставщика и покупателя, ставим лимит, выкупаем поставку с дисконтом, финансируем отгрузку, контролируем отсрочку и получаем платёж от дебитора.","Факторинговая компания: где прячется убыток, если комиссия капнула сегодня, а один просроченный дебитор перечёркивает маржу с десятка сделок?","Факторинговая компания: риск-скоринг дебиторов по платёжной дисциплине, отраслевым и открытым данным задаёт лимит под каждую поставку, наращивая портфель без роста доли просроченных платежей."
101,Деревообрабатывающее предприятие,Производство и оптовая торговля,Производство + продажи,"Деревообрабатывающее предприятие: как поднять выход годного из кубометра, если сушка долгая, сортность плавает, а отходы уходят в опилки почти даром?","Закупаем кругляк, пилим на доску, сушим в камерах, сортируем по влажности и сорту, строгаем в погонаж и отгружаем партиями.","Деревообрабатывающее предприятие: почему кубометр куплен целиком, а денег приносит только половина, если брак сушки и опилки списываются в ноль?","Деревообрабатывающее предприятие: ИИ по влажности, породе и режиму сушки прогнозирует выход годного и сорт партии, снижая брак сушки и поднимая выход товарной доски из кубометра."
102,Юридическая фирма для бизнеса,B2B-услуги и консалтинг,Проектные услуги,"Юридическая фирма для бизнеса: как продавать результат, а не часы, если типовые договоры и претензии съедают время дорогих юристов?","Берём задачу клиента, анализируем документы, готовим договор или иск, согласуем правки, ведём дело в суде и закрываем актом.","Юридическая фирма для бизнеса: куда утекает маржа, когда партнёр с высокой ставкой полдня правит шаблонный договор вместо сложного дела?","Юридическая фирма для бизнеса: ИИ по параметрам сделки собирает черновики типовых договоров и претензий из шаблонов, снимая рутину с дорогих юристов и высвобождая их на сложные дела."
103,Кондитерская,HoReCa и гостеприимство,Маржа на заказе,"Кондитерская: как поднять маржу на заказных тортах и не терять на витрине, если скоропорт списывается, а сезон рвёт спрос на пики?","Принимаем заказ с эскизом, считаем себестоимость, закупаем продукты, печём и собираем торт, украшаем декором, отдаём к дате и выкладываем остаток на витрину.","Кондитерская: почему предновогодний вал заказов не спасает год, если летом витрина списывается, а декор и ручной труд не заложены в цену?","Кондитерская: ИИ по истории витринных продаж и сезону планирует ассортимент и объём выкладки на день, срезая списание скоропорта и подсказывая цену заказных тортов с учётом декора."
104,Аутстаффинговая IT-компания,HR и образование,Почасовая оплата / маржа на персонале,"Аутстаффинговая IT-компания: как держать маржу между ставкой клиенту и зарплатой разработчика, если люди на бенче простаивают за наш счёт?","Находим специалистов, проверяем стек, продаём клиенту на проект по ставке, проводим собеседование у заказчика, оформляем, управляем загрузкой и заменами, ведём тайм-шиты, выставляем счёт и платим зарплату.","Аутстаффинговая IT-компания: куда исчезает прибыль, если один разработчик на бенче и две задержки замен съедают маржу с целой команды?","Аутстаффинговая IT-компания: ИИ сопоставляет резюме и стек специалистов с бенча с запросами клиентов, ускоряя замены и сокращая простой на бенче, что удерживает маржу команды."
105,Студия маникюра,"Здоровье, красота и спорт",Оплата за услугу,"Студия маникюра: как поднять средний чек и загрузку кресел, если запись рваная, окна простаивают, а расходники дорожают каждый месяц?","Ведём онлайн-запись, встречаем клиента, делаем маникюр и дизайн, предлагаем педикюр и уход, стерилизуем инструмент и напоминаем о следующем визите.","Студия маникюра: почему при плотной записи касса не растёт, если между клиентами зияют окна, а любимый мастер уводит базу в свой директ?","Студия маникюра: ИИ по истории визитов клиента рекомендует мастеру релевантные допуслуги — педикюр, уход, дизайн, — поднимая средний чек на 15–20% без давления на гостя."
106,Таможенный брокер,"Логистика, транспорт и авто",Комиссия / агентская модель,"Таможенный брокер: как проводить больше деклараций без роста штата, если каждый груз — это ручной подбор кода ТН ВЭД и пакет документов?","Принимаем документы на груз, подбираем код ТН ВЭД, считаем пошлины, оформляем декларацию, подаём на таможню, снимаем вопросы инспектора и выпускаем товар.","Таможенный брокер: правда ли, что одна ошибка в коде ТН ВЭД или задержка выпуска сжигает комиссию сразу с нескольких контрактов?","Таможенный брокер: ИИ извлекает данные из инвойсов и упаковочных листов и предлагает код ТН ВЭД с обоснованием, ускоряя оформление деклараций и снижая риск ошибки и штрафа."
107,Сервис бытового ремонта,"Недвижимость, строительство и дом",Проектные услуги,"Сервис бытового ремонта: как повысить выручку с мастера, если день уходит на разъезды, а мелкие заявки не окупают дорогу?","Принимаем заявку, уточняем поломку, назначаем мастера, выезжаем, оцениваем на месте, закупаем запчасть, чиним и даём гарантию на работу.","Сервис бытового ремонта: куда утекает прибыль, если мастер полдня в пробках, а клиент отказывается от ремонта уже после платного выезда?","Сервис бытового ремонта: ИИ по фото и описанию поломки предварительно ставит диагноз, подбирает запчасть и цену до выезда, срезая напрасные выезды и отказы после платной диагностики."
108,Детский развлекательный центр,Развлечения и культура,Билеты + дополнительные продажи,"Детский развлекательный центр: как зарабатывать в будни, если основная касса — это выходные, дни рождения и попутные продажи в кафе?","Продаём билеты на вход, запускаем детей в лабиринт и на аттракционы, проводим дни рождения с аниматором, кормим в кафе и продаём абонементы.","Детский развлекательный центр: почему аренда съедает выручку, если по будням залы пустуют, а вся касса втискивается в два выходных дня?","Детский развлекательный центр: динамические цены и промо на будни по прогнозу посещаемости заполняют пустые дневные часы, выравнивая выручку между буднями и перегруженными выходными."
109,Свадебное агентство,Локальные и бытовые услуги,Организация / комиссия,"Свадебное агентство: как выжать максимум из короткого свадебного сезона и не терять комиссию на подрядчиках, срывающих сроки?","Мы встречаемся с парой, собираем бюджет и концепцию, подбираем площадку и подрядчиков, согласуем тайминг, ведём переписку и предоплаты, а в день свадьбы координируем всех и гасим накладки.","Свадебное агентство: что скрывается за красивой картинкой, если весь год кормит один сезон, а прибыль зависит от чужих подрядчиков?","Свадебное агентство: ИИ ведёт рейтинг подрядчиков по истории срывов, срокам и отзывам и подбирает под каждую пару проверенных исполнителей, снижая накладки в день свадьбы и потери комиссии."
110,Производитель пластиковых изделий,Производство и оптовая торговля,Производство + продажи,"Производитель пластиковых изделий: как снизить себестоимость изделия, если гранулят дорожает, пресс-форма изнашивается, а переналадка съедает смену?","Получаем заказ, готовим пресс-форму, засыпаем гранулят, льём партию на термопластавтомате, отбраковываем, упаковываем и отгружаем клиенту.","Производитель пластиковых изделий: почему при работающих станках цех в минусе, если долгая переналадка форм и брак литья дороже самой партии?","Производитель пластиковых изделий: ИИ по параметрам ТПА и износу пресс-форм предсказывает сбой и дефект литья, снижая брак партии и внеплановые простои на переналадке."
111,SPA-салон,"Здоровье, красота и спорт",Оплата за услугу,"SPA-салон: как поднять загрузку кабинетов и продавать абонементы, если длинные процедуры блокируют мастера, а окна простаивают?","Записываем гостя, встречаем и провожаем в кабинет, проводим массаж и уходовые процедуры, предлагаем абонемент и косметику, стерилизуем и готовим кабинет к следующему гостю.","SPA-салон: куда утекает выручка, если массаж на полтора часа занимает кабинет и мастера, а гость приходит один раз и не возвращается?","SPA-салон: ИИ по частоте визитов и услугам выявляет уходящих гостей и запускает триггерные предложения абонемента и напоминания, возвращая часть разовых гостей в повторные."
112,Кейтеринговая компания,HoReCa и гостеприимство,Маржа на заказе,"Кейтеринговая компания: как держать маржу на банкете, если порции считаются на глаз, часть еды списывается, а официанты нанимаются под каждый заказ?","Согласуем меню и число гостей, считаем закупку и порции, нанимаем официантов под заказ, готовим на производстве, грузим еду и посуду, накрываем и обслуживаем банкет на площадке, убираем.","Кейтеринговая компания: почему банкет с крупным чеком уходит в ноль, если переготовили порции, а логистика и подменный персонал съели маржу?","Кейтеринговая компания: ИИ по числу гостей, меню и истории банкетов прогнозирует порции и нужное число официантов, срезая перепроизводство и списание еды и лишний подменный персонал."
113,Зоомагазин,Розничная торговля,Маржа на товаре,"Зоомагазин: как повысить средний чек и повторные покупки, если основа выручки — это тяжёлые дешёвые корма с низкой маржой?","Закупаем корма и аксессуары, раскладываем по полкам, консультируем по породе и рациону, пробиваем на кассе, ведём постоянных клиентов и следим за сроками годности.","Зоомагазин: куда уходит прибыль, если покупатель берёт мешок корма раз в месяц, а маркетплейс уже возит тот же корм дешевле?","Зоомагазин: ИИ по весу упаковки и питомцу прогнозирует, когда закончится корм, и шлёт триггерное напоминание с автозаказом, поднимая повторные покупки и удерживая клиента от маркетплейса."
114,Производитель бытовой химии,Производство и оптовая торговля,Производство + продажи,"Производитель бытовой химии: как поднять маржу, если сырьё и тара дорожают, а сети выкручивают закупочную цену на каждой партии?","Закупаем сырьё, варим по рецептуре, разливаем и фасуем в тару, клеим этикетку, проверяем партию, храним на складе и отгружаем оптом.","Производитель бытовой химии: почему объёмы растут, а прибыль стоит, если тара и логистика съедают наценку, а сети платят с отсрочкой?","Производитель бытовой химии: ИИ отслеживает цены на сырьё и тару и оптимизирует сроки и объёмы закупок по поставщикам, снижая себестоимость партии и защищая маржу от роста цен."
115,Микрофинансовая организация,Финансы,Процентная маржа + комиссии,"Микрофинансовая организация: как наращивать выдачу займов, не разгоняя просрочку, если каждый одобренный клиент — это ставка против невозврата?","Принимаем заявку, оцениваем заёмщика по скорингу, одобряем сумму и ставку, выдаём заём, ведём график платежей и работаем с просрочкой.","Микрофинансовая организация: правда ли, что высокая ставка не спасает, если несколько невозвратов съедают процент, заработанный на сотне добросовестных клиентов?","Микрофинансовая организация: поведенческий скоринг заёмщика по заявке, платёжной истории и альтернативным данным точнее отсеивает невозврат, позволяя наращивать выдачу без роста доли просрочки."
116,Ландшафтная компания,"Недвижимость, строительство и дом",Проектные услуги,"Ландшафтная компания: как зарабатывать не только в сезон посадок, если зимой техника простаивает, а бригады сидят без объектов?","Выезжаем на участок, готовим проект и смету, ведём земляные работы и дренаж, укладываем дорожки и газон, высаживаем растения, монтируем автополив, берём объект на сезонное обслуживание.","Ландшафтная компания: куда утекает прибыль, если растения не прижились по гарантии, а короткий сезон должен окупить простой всей зимы?","Ландшафтная компания: ИИ подбирает растения под свет, почву и климат участка, снижая гибель посадок по гарантии и повторные выезды на пересадку в короткий сезон."
117,Digital-маркетинговое агентство,"Маркетинг, медиа и дизайн",Абонентское обслуживание,"Digital-маркетинговое агентство: как удерживать клиентов на абоненте дольше, если результат нестабилен, а отчёты и правки съедают время специалистов?","Снимаем бриф и цели, готовим медиаплан по каналам, запускаем контекст и таргет, ведём ставки и креативы, сводим аналитику по лидам и стоимости заявки.","Digital-маркетинговое агентство: почему при полном портфеле маржа тает, если клиент уходит через три месяца, а на его отчёты ушло больше, чем он заплатил?","Digital-маркетинговое агентство: ИИ управляет ставками и распределением бюджета по каналам и креативам, стабилизируя стоимость заявки и ДРР, что удлиняет жизнь клиента на абоненте."
118,Карьерный консультант,HR и образование,Оплата за консультацию,"Карьерный консультант: как выйти за потолок личного часа и продавать не разовую консультацию, а сопровождение до оффера?","Проводим диагностику, разбираем опыт клиента, переписываем резюме, готовим к собеседованиям, тренируем самопрезентацию и ведём до выхода на оффер.","Карьерный консультант: куда упирается доход, если эксперт продаёт свои часы поштучно, а клиент после первой консультации пропадает?","Карьерный консультант: ИИ-тренажёр на базе методик эксперта разбирает резюме и проводит мок-собеседования между сессиями, превращая разовую консультацию в платное сопровождение до оффера."
119,Обувная мастерская,Локальные и бытовые услуги,Оплата за услугу,"Обувная мастерская: как заработать больше на потоке мелкого ремонта, если набойки и замена молний приносят копейки, а очередь стоит?","Принимаем обувь, оцениваем ремонт, меняем набойки и подошву, растягиваем и красим, чистим, выдаём заказ и напоминаем о готовности.","Обувная мастерская: почему при полной приёмке касса маленькая, если мастер тратит время на набойки за копейки вместо дорогой замены подошвы?","Обувная мастерская: ИИ при приёмке по фото износа предлагает выгодные допработы — замену подошвы, профилактику, покраску, — поднимая средний чек вместо копеечных набоек."
120,Интернет-магазин автозапчастей,E-commerce и маркетплейсы,Маржа на товаре,"Интернет-магазин автозапчастей: как продавать больше без ошибок в подборе, если клиент путает VIN, а неверная деталь возвращается за наш счёт?","Принимаем запрос по VIN, подбираем деталь и аналоги, проверяем наличие у поставщиков, оформляем заказ, везём и отрабатываем возвраты по несовместимости.","Интернет-магазин автозапчастей: куда утекает прибыль, если из-за одной ошибки в подборе деталь едет назад, а клиент уходит к конкуренту?","Интернет-магазин автозапчастей: ИИ по VIN подбирает деталь и аналоги с проверкой совместимости, срезая ошибки подбора и дорогие возвраты несовместимых запчастей за счёт магазина."
121,Бар,HoReCa и гостеприимство,Маржа на заказе,"Бар: как поднять средний чек и оборот стойки, если выручка собирается за пятницу-субботу, а будни едва отбивают аренду?","Закупаем алкоголь, составляем барную карту, встречаем гостей, миксуем коктейли и наливаем, пробиваем счёт, считаем остатки по бутылкам и списываем бой.","Бар: правда ли, что недолив, бесплатные «угощения» друзьям бармена и бой за стойкой утекают мимо кассы быстрее, чем растёт выручка?","Бар: ИИ сверяет пробитые чеки, расход бутылок и весовые остатки, выявляя недолив, бой и бесплатные «угощения» бармена; расхождение по стойке сокращается, а списания под контролем."
122,Производитель медицинских расходников,Производство и оптовая торговля,Производство + продажи,"Производитель медицинских расходников: как держать маржу, если цену диктуют тендеры и госзакупки, а сырьё и стерилизация только дорожают?","Закупаем полимеры и сырьё, штампуем и собираем изделия, стерилизуем партию, проверяем на брак, сертифицируем, маркируем и отгружаем дистрибьюторам и клиникам.","Производитель медицинских расходников: почему завод работает в три смены, а прибыль оседает в неснижаемых остатках склада и партиях с истекающим сроком?","Производитель медицинских расходников: прогноз спроса по истории отгрузок и тендерам планирует размер партий и стерилизацию, снижая неснижаемые остатки и списание партий с истекающим сроком годности."
123,Парк аттракционов,Развлечения и культура,Билеты + дополнительные продажи,"Парк аттракционов: как поднять выручку с одного гостя, если билет куплен, а еда, сувениры и быстрый проход почти не продаются?","Продаём входные билеты, запускаем аттракционы по расписанию, обслуживаем и проверяем технику, кормим гостей в точках питания, торгуем сувенирами и убираем территорию.","Парк аттракционов: куда утекает сезонная касса, если очереди огромные, а половина каруселей в час пик простаивает из-за поломок и нехватки операторов?","Парк аттракционов: предиктивное обслуживание по вибрации и телеметрии приводов предсказывает поломки каруселей до часа пик, сокращая внеплановые простои и потерю билетной выручки в очередях."
124,Складской оператор,"Логистика, транспорт и авто",Оплата за услугу,"Складской оператор: как заработать больше с квадратного метра, если тарифы за хранение фиксированы, а расходы на людей и технику растут?","Принимаем и пересчитываем груз, размещаем по ячейкам, комплектуем заказы, упаковываем и маркируем, отгружаем перевозчикам и ведём учёт остатков клиента.","Складской оператор: почему склад забит под потолок, а маржа тает, когда половина ячеек занята неликвидом, за который клиент почти не платит?","Складской оператор: ИИ анализирует оборачиваемость груза по ячейкам и предлагает динамический тариф на залежавшийся неликвид, освобождая места под ходовой товар и поднимая доход с квадратного метра."
125,Патентное бюро,B2B-услуги и консалтинг,Проектные услуги,"Патентное бюро: как масштабировать выручку, если каждая заявка — это ручные часы патентного поверенного, а поток клиентов нестабилен?","Консультируем изобретателя, проводим патентный поиск, оформляем заявку и формулу, ведём переписку с Роспатентом, отвечаем на запросы экспертизы и получаем охранный документ.","Патентное бюро: правда ли, что дороже всего обходятся не сложные заявки, а бесплатные консультации, которые так и не превращаются в договор?","Патентное бюро: ИИ-ассистент патентного поиска по базам заявок и публикаций за минуты находит близкие аналоги и черновик формулы, сокращая ручные часы поверенного на каждую заявку."
126,Бизнес-коуч,HR и образование,Оплата за консультацию,"Бизнес-коуч: как расти в доходе, если он упирается в число часов в календаре, а масштаб ломает личное качество работы с клиентом?","Проводим диагностическую сессию, ставим измеримую цель, разбираем запрос клиента, выдаём задания, отслеживаем прогресс между встречами и корректируем стратегию.","Бизнес-коуч: что скрывается за плотным расписанием, если весь доход держится на одном человеке, а после отпуска записи стабильно проседают?","Бизнес-коуч: ИИ-ассистент на методологии коуча ведёт клиентов между сессиями — отвечает на вопросы, напоминает о заданиях, фиксирует прогресс, — масштабируя работу за пределы живых часов."
127,Часовая мастерская,Локальные и бытовые услуги,Оплата за услугу,"Часовая мастерская: как поднять средний чек ремонта, если клиенты идут с копеечной заменой батарейки, а сложные заказы редки?","Принимаем часы, диагностируем механизм, разбираем и чистим, меняем детали или батарейку, регулируем ход, тестируем на герметичность и выдаём с гарантией.","Часовая мастерская: куда уходит прибыль, если мастер тратит день на десяток батареек по 300 рублей, а дорогой ремонт механики ждёт неделями?","Часовая мастерская: по фото часов и механизма ИИ определяет модель и неисправность, сразу оценивает сложный ремонт и апселлит его вместо копеечной батарейки, поднимая средний чек."
128,Интернет-магазин товаров для животных,E-commerce и маркетплейсы,Маржа на товаре,"Интернет-магазин товаров для животных: как поднять маржу и повторные заказы, если корм продаётся почти в ноль, а доставка съедает наценку?","Закупаем корма и товары, ведём карточки и остатки, принимаем заказы, комплектуем на складе, доставляем курьером и обрабатываем возвраты.","Интернет-магазин товаров для животных: сколько магазин теряет на каждом мешке корма, пока покупатель не добавит в корзину игрушки, лакомства и витамины?","Интернет-магазин товаров для животных: рекомендации по виду и весу питомца из истории заказов добавляют к мешку корма лакомства, игрушки и витамины, поднимая средний чек и маржу корзины."
129,Страховая компания,Финансы,Комиссии + управление активами,"Страховая компания: как удержать прибыль, если тарифы зажаты конкуренцией, а убыточность по выплатам растёт быстрее собранных премий?","Оцениваем риск клиента, рассчитываем тариф, заключаем полис, собираем премии, урегулируем убытки по заявлениям и размещаем резервы в активы.","Страховая компания: где утекает прибыль, если полисов продано много, а маржа сгорает на выплатах по недооценённым рискам и мошеннических заявлениях?","Страховая компания: риск-скоринг по данным заявителя, истории убытков и внешним признакам точнее назначает тариф недооценённым рискам, снижая убыточность портфеля и выплаты по заниженным полисам."
130,SEO-агентство,"Маркетинг, медиа и дизайн",Абонентское обслуживание,"SEO-агентство: как расти в выручке, если результат виден клиенту через месяцы, а отток начинается раньше, чем позиции выходят в топ?","Проводим аудит сайта, собираем семантику, правим техническую часть, пишем и оптимизируем контент, наращиваем ссылки и отчитываемся по позициям и трафику.","SEO-агентство: правда ли, что деньги теряются не на продвижении, а на клиентах, которые уходят за месяц до того, как сайт наконец выстрелил?","SEO-агентство: прогноз оттока по динамике позиций, вовлечённости в отчёты и активности клиента заранее подсвечивает уходящих до результата, запуская удержание и продлевая срок жизни договора."
131,Массажная студия,"Здоровье, красота и спорт",Оплата за услугу,"Массажная студия: как поднять загрузку кабинетов и вернуть клиента, если сеансы разовые, а расписание массажистов дырявое?","Записываем клиента, подбираем массажиста и вид массажа, проводим сеанс, продаём абонемент, напоминаем о повторе и ведём график кабинетов.","Массажная студия: сколько студия теряет на простоях между сеансами, если руки массажиста заняты, а разовые гости так и не возвращаются на курс?","Массажная студия: ИИ оптимизирует расписание кабинетов и массажистов, подставляя записи в дыры между сеансами и предлагая ближайшие слоты, поднимая утилизацию кресел и сокращая простои."
132,Квест-комната,Развлечения и культура,Билеты + дополнительные продажи,"Квест-комната: как выжать больше из выходных слотов, если будни пустуют, а между играми уходит время на сброс декораций?","Принимаем бронь на слот, встречаем команду, проводим инструктаж, ведём игру через актёра или технику, сбрасываем реквизит и продаём фото и подарочные сертификаты.","Квест-комната: почему касса делается за два вечера выходных, а в будни дорогие комнаты стоят пустыми и просто жгут аренду?","Квест-комната: динамическое ценообразование по спросу на слоты делает будни дешевле, а пиковые выходные дороже, выравнивая загрузку комнат и поднимая выручку с простаивающих будних часов."
133,Компания умного дома,"Недвижимость, строительство и дом",Проектные услуги,"Компания умного дома: как масштабировать проекты, если каждый объект уникален, а монтаж и настройка держатся на паре дефицитных инженеров?","Выезжаем на объект, проектируем систему, подбираем оборудование, монтируем и программируем сценарии, обучаем хозяев и обслуживаем систему после сдачи.","Компания умного дома: что ломается первым, когда проектов много, а прибыль съедают бесконечные доработки сценариев и выезды по гарантии к капризным клиентам?","Компания умного дома: по параметрам объекта ИИ автоматически собирает спецификацию оборудования, смету и типовые сценарии, снижая зависимость от дефицитных инженеров и ускоряя выпуск коммерческого предложения."
134,Аудиторская фирма,B2B-услуги и консалтинг,Проектные услуги,"Аудиторская фирма: как расти без раздувания штата, если сезон отчётности перегружает всех, а вне сезона аудиторы недозагружены?","Заключаем договор, планируем проверку, собираем и тестируем первичные документы, оцениваем риски, формируем аудиторское заключение и даём рекомендации руководству.","Аудиторская фирма: куда уходит маржа, если весь год держится на трёх месяцах отчётности, а дорогие специалисты тонут в ручной сверке документов?","Аудиторская фирма: ИИ извлекает и сверяет данные из первички — счетов, актов, накладных — с учётными регистрами, снимая с аудиторов ручную сверку и разгружая пик сезона отчётности."
135,Производитель электроники,Производство и оптовая торговля,Производство + продажи,"Производитель электроники: как защитить маржу, если цены на компоненты скачут, сроки поставок плавают, а модели быстро устаревают?","Разрабатываем плату, закупаем компоненты, монтируем и паяем узлы, прошиваем и тестируем платы, собираем корпус, упаковываем и отгружаем партию.","Производитель электроники: почему при полном цехе заказов прибыль застревает в складе компонентов, которые устаревают раньше, чем уходят в производство?","Производитель электроники: ИИ оптимизирует закупки компонентов, сопоставляя цены, сроки и надёжность поставщиков и подсказывая аналоги, сокращая замороженные остатки и риск устаревания складских плат."
136,Кальянная,HoReCa и гостеприимство,Маржа на заказе,"Кальянная: как повысить оборот столов и загрузку кальянных мастеров, чтобы вечерний пик не упирался в нехватку рук?","Мы встречаем гостей, подбираем табак и чашу под вкус, забиваем и разжигаем кальян, ведём стол весь вечер, меняем угли, пробиваем чек и готовим место под следующую посадку.","Кальянная: почему зал полон, а касса пустеет, если один стол занят до полуночи под один кальян и чайник чая?","Кальянная: прогноз вечерней нагрузки по истории посадок и дню недели планирует смены кальянных мастеров, чтобы в пик хватало рук, ускоряя оборот столов без переплаты в тихие часы."
137,Страховой брокер,Финансы,Комиссия / success fee,"Страховой брокер: как вырасти в комиссии, если сделки разовые, клиент уходит к тому, кто дешевле, а пролонгации срываются?","Выясняем потребность клиента, собираем предложения страховщиков, сравниваем условия, подбираем полис, оформляем сделку и ведём пролонгацию на следующий год.","Страховой брокер: правда ли, что вся прибыль в пролонгациях, а брокер каждый год заново гоняется за клиентом, забывая напомнить о продлении?","Страховой брокер: ИИ отслеживает даты окончания полисов и заранее запускает триггерные напоминания о пролонгации с готовым сравнением предложений, повышая долю продлений и возвращая ускользающую комиссию."
138,Интернет-магазин цветов и подарков,E-commerce и маркетплейсы,Маржа на товаре,"Интернет-магазин цветов и подарков: как удержать маржу, если цветок вянет за пару дней, а спрос скачет от 8 марта к затяжному затишью?","Закупаем цветы на базе, собираем букеты, фотографируем для сайта, принимаем заказы с доставкой ко времени, комплектуем открытки и передаём курьеру.","Интернет-магазин цветов и подарков: почему в праздники срываются доставки ко времени, а в будни свежий букет вянет на складе быстрее, чем поступит заказ?","Интернет-магазин цветов и подарков: ИИ планирует маршруты и временные окна курьеров под праздничный пик, снижая срывы доставки ко времени и число опозданий по заказам на конкретный час."
139,Мувинговая компания,"Логистика, транспорт и авто",Оплата за услугу,"Мувинговая компания: как поднять маржу переезда, если цену сбивают частники, а простои грузчиков между заказами съедают день?","Принимаем заявку, оцениваем объём и этаж, подаём машину и бригаду, упаковываем и грузим вещи, перевозим, заносим и собираем мебель на месте.","Мувинговая компания: куда уходит прибыль, если машина в разъездах весь день, а платят лишь за пару часов погрузки, пока грузчики стоят в пробках?","Мувинговая компания: ИИ оптимизирует маршруты и стыкует заказы бригад по районам и объёму, сокращая простои грузчиков между переездами и холостые пробеги, поднимая маржу с машины за день."
140,Книжный магазин,Розничная торговля,Маржа на товаре,"Книжный магазин: как заработать с квадратного метра, если наценка на книгу мизерна, а полки годами держат неходовые тиражи?","Заказываем книги у издательств, расставляем по разделам, консультируем и продаём на кассе, предлагаем сопутку и кофе, возвращаем нераспроданные тиражи издателю и проводим встречи с авторами.","Книжный магазин: правда ли, что деньги делает не книга, а кофе, канцелярия и сувениры, пока бестселлеры лишь заманивают людей внутрь?","Книжный магазин: ИИ анализирует продажи по разделам и оборачиваемость полок, помечая неходовые тиражи к возврату издателю и высвобождая квадратные метры под кофе, канцелярию и ходовые новинки."
141,Веб-студия,IT и цифровые сервисы,Проектные услуги,"Веб-студия: как расти в прибыли, если проекты фиксированной цены, а бесконечные правки клиента съедают заложенную маржу?","Собираем требования, рисуем прототип и дизайн, вёрстаем и программируем, наполняем контентом, тестируем, запускаем сайт и передаём на поддержку.","Веб-студия: выглядит прибыльным проект с согласованной сметой, но почему разработчики месяцами доделывают правки, которые клиент считает мелочью?","Веб-студия: ИИ генерирует вёрстку типовых блоков, тексты и обработку фото по брендбуку, сокращая нормо-часы на бесконечные правки и защищая заложенную маржу проектов с фиксированной ценой."
142,Налоговый консалтинг,B2B-услуги и консалтинг,Проектные услуги,"Налоговый консалтинг: как масштабировать выручку, если каждый кейс уникален, а знания и часы упираются в нескольких сильных экспертов?","Анализируем бизнес клиента, находим риски и переплаты, выстраиваем налоговую схему, готовим документы, сопровождаем проверки и защищаем позицию в спорах.","Налоговый консалтинг: что скрывается за высоким чеком, если самые ценные советы звучат на бесплатной встрече, а платит клиент, только когда прижмёт проверка?","Налоговый консалтинг: скоринг входящих заявок по отрасли, оборотам и признакам налоговых рисков приоритизирует бесплатные встречи, доводя до платного договора реально конвертируемых клиентов и экономя часы экспертов."
143,Производитель светильников,Производство и оптовая торговля,Производство + продажи,"Производитель светильников: как держать маржу, если розница давит ценой, комплектующие дорожают, а склад забит несезонными моделями?","Разрабатываем модель, закупаем металл, стекло и электрику, штампуем и красим корпус, собираем и тестируем, упаковываем и отгружаем в розницу и на объекты.","Производитель светильников: можно ли расти, если портфель заказов полон, а деньги заморожены в остатках моделей, вышедших из моды раньше продажи?","Производитель светильников: прогноз спроса по моделям с учётом сезона и трендов планирует производство и закупку комплектующих, сокращая заморозку денег в остатках вышедших из моды позиций."
144,Управляющая компания коммерческой недвижимости,"Недвижимость, строительство и дом",Аренда / абонентская плата,"Управляющая компания коммерческой недвижимости: как поднять доход с объекта, если тарифы фиксированы, а простои площадей и долги арендаторов растут?","Сдаём площади, заключаем договоры аренды, собираем платежи, обслуживаем инженерные системы, реагируем на заявки арендаторов и контролируем подрядчиков.","Управляющая компания коммерческой недвижимости: куда утекает прибыль, если здание заполнено, а маржу съедают простой между арендаторами, долги и авральный ремонт систем?","Управляющая компания коммерческой недвижимости: предиктивное обслуживание инженерных систем по телеметрии и истории заявок предупреждает аварии до отказа, снижая авральные ремонты и простои площадей между арендаторами."
145,PR-агентство,"Маркетинг, медиа и дизайн",Абонентское обслуживание,"PR-агентство: как удержать клиента на абонплате, если результат размыт, а ценность работы трудно показать в цифрах каждый месяц?","Строим PR-стратегию, готовим инфоповоды и пресс-релизы, питчим темы журналистам, согласуем и размещаем публикации, мониторим упоминания и тональность, сводим отчёт об охватах.","PR-агентство: правда ли, что клиент уходит не из-за плохой работы, а потому что не видит в отчёте цифру, которую можно связать с продажами?","PR-агентство: ИИ мониторит упоминания бренда, считает тональность и долю голоса из публикаций и соцсетей, превращая размытую работу в цифры отчёта и удерживая клиента на абонплате."
146,Онлайн-школа профессиональных навыков,HR и образование,Обучение / инфопродукт,"Онлайн-школа профессиональных навыков: как расти в прибыли, если стоимость привлечения ученика растёт, а до финала курса доходит меньшинство?","Привлекаем трафик, продаём курс через вебинар, зачисляем ученика, ведём по урокам с поддержкой кураторов, проверяем домашки и защиту проектов, доводим до результата и помогаем с трудоустройством.","Онлайн-школа профессиональных навыков: куда утекают деньги на рекламу, если купивших много, а курс до конца проходит горстка, и рекомендаций почти нет?","Онлайн-школа профессиональных навыков: прогноз оттока по активности в уроках и сдаче домашек заранее выявляет уходящих учеников, запуская интервенции кураторов и повышая долю дошедших до финала."
147,Цветочный магазин,Розничная торговля,Маржа на товаре,"Цветочный магазин: как поднять маржу, если цветок живёт три дня, спрос рвётся по праздникам, а между ними витрина уходит в списание?","Закупаем цветы на базе, обрезаем и ставим в воду, собираем букеты у прилавка, продаём проходящим гостям, принимаем заказы на праздники и списываем увядшее.","Цветочный магазин: почему 8 марта не хватает ни рук, ни товара, а в обычную неделю половина роз с витрины уезжает в мусорный бак?","Цветочный магазин: прогноз списаний по срокам жизни цветка и спросу оптимизирует ежедневную закупку на базе, сокращая долю увядшего в мусор между праздниками без дефицита в пиковые дни."
148,Таксопарк,"Логистика, транспорт и авто",Комиссия / агентская модель,"Таксопарк: как заработать больше на машине, если агрегатор диктует тарифы, водители текут, а комиссия и простои съедают доход?","Набираем водителей, подключаем их к агрегатору, выдаём и обслуживаем машины, проводим техосмотр и медконтроль, распределяем смены и удерживаем комиссию с выручки.","Таксопарк: куда утекает прибыль, если машины на линии круглосуточно, а маржу выедают авто без водителей, ремонты и вечная текучка за рулём?","Таксопарк: ИИ подбирает и скринит водителей под простаивающие машины и распределяет смены по спросу, сокращая долю авто без водителей и текучку, поднимая выручку с каждой машины."
149,Боулинг-клуб,Развлечения и культура,Билеты + дополнительные продажи,"Боулинг-клуб: как поднять выручку с дорожки, если будни пустуют, а прибыль держится не на игре, а на баре и еде?","Сдаём дорожки по часам, выдаём обувь, обслуживаем и настраиваем пинсеттеры, кормим и наливаем гостям, проводим турниры и корпоративы.","Боулинг-клуб: правда ли, что дорожки едва отбивают аренду, а прибыль приносят бар и кухня, пока сломанный пинсеттер режет выходную кассу?","Боулинг-клуб: динамическое ценообразование по загрузке дорожек и дню недели наполняет пустые будни выгодными пакетами игры с баром, поднимая выручку с дорожки без потери выходной маржи."
150,Тату-студия,"Здоровье, красота и спорт",Оплата за услугу,"Тату-студия: как масштабировать доход, если он завязан на руки мастеров, а сильный художник в любой момент уйдёт со своей базой клиентов?","Консультируем клиента, согласуем эскиз, берём предоплату, бьём татуировку на сеансе, ведём заживление и выдаём рекомендации по уходу.","Тату-студия: что скрывается за очередью к топовому мастеру, если студия зарабатывает на аренде кресла, а вся база клиентов принадлежит не ей?","Тату-студия: ИИ примеряет эскиз на фото тела клиента в нужном месте и размере, повышая конверсию консультаций в предоплату и делая воронку эскизов активом студии, а не мастера."
151,Пункт проката инструмента,Локальные и бытовые услуги,Аренда / usage-based,"Пункт проката инструмента: как поднять доход с единицы инструмента, если дорогие позиции простаивают, а ходовые быстро изнашиваются?","Проверяем документы, берём залог и оплату за срок, выдаём исправный инструмент с инструктажем, принимаем назад, оцениваем износ, удерживаем за поломки из залога, обслуживаем и списываем изношенное.","Пункт проката инструмента: почему самый дорогой перфоратор простаивает и не окупается, а ходовую технику клиенты возвращают убитой?","Пункт проката инструмента: предиктивное ТО по наработке моточасов и истории аренд каждой позиции — планово меняем расходники до поломки, сокращаем аварийный простой парка и растим доход с единицы."
152,Производитель ювелирных изделий,Производство и оптовая торговля,Производство + продажи,"Производитель ювелирных изделий: как поднять маржу при скачках цены на золото и удержать оборотку, если металл лежит в остатках месяцами?","Закупаем металл и камни, разрабатываем модели, отливаем и монтируем изделия, закрепляем вставки, клеймим в пробирной палате и отгружаем в розницу и на маркетплейсы.","Производитель ювелирных изделий: почему при растущей цене золота склад дорожает, а прибыль тает, если ходовые артикулы вечно в дефиците, а неликвид висит витриной?","Производитель ювелирных изделий: прогноз спроса по артикулам, пробам и размерам на истории продаж и сезонности — держим ходовое в наличии, режем неликвид на складе и высвобождаем замороженную в остатках оборотку."
153,Дизайн-студия,"Маркетинг, медиа и дизайн",Проектные услуги,"Дизайн-студия: как вырасти в выручке, если проекты держатся на трёх-четырёх ведущих дизайнерах, а бесконечные правки съедают всю маржу?","Брифуем клиента, собираем референсы, рисуем концепции, гоняем макеты по кругам правок, согласовываем финал, готовим исходники и передаём файлы в продакшн.","Дизайн-студия: куда утекает прибыль проекта, когда пятый круг бесплатных правок и вечное «сделайте повеселее» превращают фикс-бюджет в работу себе в убыток?","Дизайн-студия: генеративный ИИ по брифу и референсам выдаёт 3–5 концепций за час — заказчик выбирает направление на старте, круги правок сокращаются, а фикс-бюджет перестаёт уходить в убыток."
154,Коворкинг,"Недвижимость, строительство и дом",Аренда / абонентская плата,"Коворкинг: как поднять доход с квадратного метра и загрузку, если резиденты платят за фикс-стол, а приходят два дня в неделю?","Продаём места и переговорки, оформляем резидентов, выдаём доступ по картам, обслуживаем кофе-поинт и печать, ведём брони переговорных и продлеваем абонементы.","Коворкинг: почему при полной продаже мест зал полупустой, а переговорки то простаивают, то не забронировать, если резиденты платят за воздух, которым не пользуются?","Коворкинг: компьютерное зрение считает реальную загрузку столов и переговорных по камерам — видим, что фикс-места пустуют, переводим их в гибкий тариф и продаём одно место дважды, поднимая доход с метра."
155,Студия мобильных приложений,IT и цифровые сервисы,Проектные услуги,"Студия мобильных приложений: как расти в выручке, если оценки по проектам вечно занижены, а поддержка релизов съедает время команды без оплаты?","Собираем требования, оцениваем спринты, проектируем экраны, пишем код под iOS и Android, тестируем, выкатываем в сторы и сопровождаем релизы.","Студия мобильных приложений: правда ли, что прибыль сгорает не в разработке, а в недооценённых спринтах и доработках, которые заказчик считает «мелкими правками»?","Студия мобильных приложений: ИИ оценивает спринты по истории похожих задач и трудозатрат в трекере — точнее считаем смету, закладываем поддержку релизов в бюджет и перестаём работать в минус на недооценке."
156,Трансферная компания,"Логистика, транспорт и авто",Оплата за услугу,"Трансферная компания: как повысить загрузку машин и маржу рейса, если половина пробега — это подачи и обратка порожняком?","Принимаем заявки, распределяем машины и водителей, отслеживаем табло и задержки рейсов, корректируем время подачи, встречаем у прилёта, везём по маршруту и закрываем поездки в отчётность.","Трансферная компания: сколько прибыли уезжает порожняком, когда водитель час ждёт задержанный рейс, а обратно из аэропорта едет с пустым салоном?","Трансферная компания: ИИ строит маршруты и сцепляет подачи с обратными рейсами по табло прилётов и заявкам — меньше порожнего пробега и ожидания у прилёта, выше загрузка машины и маржа рейса."
157,Груминг-салон,"Здоровье, красота и спорт",Оплата за услугу,"Груминг-салон: как поднять выручку с кресла и вернуть клиента, если мастера разрываются в записи, а окна между стрижками простаивают?","Записываем питомцев, моем и сушим, стрижём и триммингуем по породе, чистим уши и когти, фотографируем результат и напоминаем о следующем визите.","Груминг-салон: куда утекает выручка, когда клиент срывается в день визита, мастер простаивает между записями, а «просто помыть» занимает столько же кресла, сколько сложная стрижка?","Груминг-салон: ИИ-расписание подбирает слот под длительность услуги и уплотняет окна между стрижками, прогнозируя срывы записи — простой кресел падает, мастер загружен ровно, выручка с кресла растёт."
158,Тендерное агентство,B2B-услуги и консалтинг,Фикс + success fee,"Тендерное агентство: как масштабировать поток заявок и success fee, если каждый тендер разбирают вручную, а половина закупок клиенту не подходит?","Мониторим площадки, отбираем подходящие закупки, готовим документы и заявки, обеспечиваем подачу в срок, сопровождаем торги и контролируем подписание контракта.","Тендерное агентство: почему специалист тонет в сотнях закупок вручную, пропуская тендер с идеальным лотом, пока разбирает те, где клиент заведомо не проходит?","Тендерное агентство: ИИ отбирает из тысяч закупок только подходящие профилю и допускам клиента, ранжируя по шансу победы — специалист не тонет в ручном разборе и не пропускает идеальный лот."
159,Компьютерный клуб (киберарена),Развлечения и культура,Билеты + дополнительные продажи,"Компьютерный клуб (киберарена): как поднять почасовую загрузку в будни и отбить апгрейд железа, пока оно не устарело?","Мы сажаем гостей за станции, продаём часы и абонементы, следим за турнирами и бронями, подкручиваем настройки и обновляем игры, чистим и апгрейдим железо, докручиваем выручку баром и снеками.","Компьютерный клуб (киберарена): что съедает маржу, если днём залы пустуют, а вечерний аншлаг не отбивает новые видеокарты?",Компьютерный клуб (киберарена): динамические тарифы по часам и дням недели на истории загрузки станций поднимают дневную и будничную посадку и ускоряют окупаемость апгрейда железа.
160,Ювелирный магазин,Розничная торговля,Маржа на товаре,"Ювелирный магазин: как поднять оборачиваемость витрины и средний чек, если капитал заморожен в остатках, а покупают пару раз в год под праздники?","Закупаем коллекции, выкладываем витрины, консультируем по пробам и размерам, подбираем украшение под повод, оформляем рассрочку и trade-in, дозаказываем ходовые артикулы.","Ювелирный магазин: сколько денег заморожено в витрине, если ходовые размеры вечно кончаются перед 8 марта, а неликвид годами блестит под стеклом?","Ювелирный магазин: ИИ-рекомендации подбирают украшение под повод, бюджет и прошлые покупки клиента и предлагают комплект — растёт средний чек и конверсия консультации без дополнительного трафика."
161,Столовая,HoReCa и гостеприимство,Маржа на заказе,"Столовая: как удержать маржу на заказе и не уйти в списания, если весь оборот — это обеденный час, а вечером зал пустой?","Закупаем продукты, готовим меню на день, выставляем линию раздачи, кормим поток в обед, считаем порции и списываем непроданное к вечеру.","Столовая: почему при полной очереди в обед прибыль тает, если к вечеру половина линии раздачи уезжает в списание, а завтрашнее меню приходится угадывать заново?","Столовая: ИИ прогнозирует спрос по блюдам на день с учётом дня недели и погоды и подсказывает объём готовки — меньше списаний вечерней раздачи, точнее закупка, меню не приходится угадывать."
162,Производитель текстиля,Производство и оптовая торговля,Производство + продажи,"Производитель текстиля: как загрузить станки под 100% и держать маржу, если заказы сезонные, а склад ткани лежит мёртвым капиталом?","Закупаем пряжу, ткём или вяжем полотно, красим и отделываем, проверяем плотность и цвет, режем в рулоны, комплектуем заказы и отгружаем швейным фабрикам и оптовикам.","Производитель текстиля: куда уходит прибыль, когда станки то простаивают в межсезонье, то не успевают в пик, а рулоны непроданного полотна пылятся на складе?","Производитель текстиля: прогноз заказов по сезонности и истории клиентов планирует загрузку станков и объём полотна — меньше простоя в межсезонье и авралов в пик, склад перестаёт лежать мёртвым капиталом."
163,Интернет-магазин продуктов,E-commerce и маркетплейсы,Маржа на товаре,"Интернет-магазин продуктов: как удержать маржу на заказе, если скоропорт списывается, средний чек низкий, а доставка съедает всю наценку?","Принимаем заказы, комплектуем корзину со склада, следим за сроками годности, строим маршруты курьеров, доставляем в слот и обрабатываем возвраты.","Интернет-магазин продуктов: правда ли, что на каждом заказе теряешь, если скоропорт летит в списание, курьер везёт три пакета, а покупатель отменяет на пороге?","Интернет-магазин продуктов: ИИ управляет заказом скоропорта и уценкой по срокам годности и скорости продаж — режем списания, распродаём близкие к сроку позиции вовремя и удерживаем маржу на заказе."
164,Ипотечный брокер,Финансы,Комиссия / success fee,"Ипотечный брокер: как нарастить число одобрений и комиссию, если половина заявок отваливается на этапе банка, а сделки тянутся месяцами?","Собираем документы клиента, оцениваем платёжеспособность, подбираем программу, подаём заявки в несколько банков, добиваемся одобрения и сопровождаем клиента до подписания кредитного договора и регистрации сделки.","Ипотечный брокер: куда утекает комиссия, если клиент неделями собирает справки, банк отказывает на финише, а до сделки доходит один из пяти?","Ипотечный брокер: скоринг заявки по доходу, кредитной истории и требованиям банков предсказывает вероятность одобрения — подаём клиента только туда, где одобрят, растёт доля сделок и комиссия, меньше пустых подач."
165,Онлайн-школа для детей,HR и образование,Обучение / инфопродукт,"Онлайн-школа для детей: как удержать учеников до конца курса и поднять LTV, если после трёх уроков дети бросают, а родители требуют возврат?","Привлекаем через пробный урок, распределяем детей по группам и педагогам, ведём занятия на платформе, проверяем домашки, отслеживаем прогресс, регулярно показываем результат родителям и продлеваем абонемент.","Онлайн-школа для детей: почему деньги на привлечение сгорают, если ребёнок бросает после пробного, родитель не видит прогресса, а до конца курса доходит меньше половины?","Онлайн-школа для детей: ИИ по активности на платформе, посещаемости и проверке домашек предсказывает риск бросить после пробного — триггерные касания и отчёт родителю удерживают ученика до конца курса, растёт LTV."
166,IT-консалтинг и системная интеграция,IT и цифровые сервисы,Проектные услуги,"IT-консалтинг и системная интеграция: как удержать маржу проекта, если внедрения затягиваются, а команда сеньоров тонет в поддержке уже сданных систем?","Обследуем процессы заказчика, проектируем архитектуру, внедряем и настраиваем системы, переносим данные и интегрируем их между собой, обучаем пользователей и берём на сопровождение.","IT-консалтинг и системная интеграция: где растворяется прибыль проекта, когда сроки внедрения плывут, дорогие специалисты латают старые интеграции, а заказчик считает это гарантией?","IT-консалтинг и системная интеграция: RAG-ассистент по документации проектов и регламентам отвечает на типовые вопросы поддержки — первая линия закрывает обращения без сеньоров, дорогие специалисты возвращаются к внедрениям."
167,Караоке-клуб,Развлечения и культура,Билеты + дополнительные продажи,"Караоке-клуб: как поднять выручку с зала за вечер и загрузку будней, если касса живёт только с пятницы по субботу?","Сдаём залы по часам, ведём бронь кабинок, обслуживаем бар и кухню, управляем очередью песен, продаём депозиты на компании и закрываем счёт.","Караоке-клуб: выглядит золотой жилой по выходным, но куда уходит прибыль, если в будни кабинки пустуют, а весь чек держится на баре в две ночи?","Караоке-клуб: динамическое ценообразование на будни и дневные часы по истории броней — заполняем пустые кабинки в непиковое время скидкой и депозитом, поднимаем выручку с зала и загрузку будней."
168,Служба дезинсекции,Локальные и бытовые услуги,Оплата за услугу,"Служба дезинсекции: как повысить загрузку бригад и повторные заказы, если работа сезонная, а половина выездов — единичные вызовы без продления?","Принимаем заявку, выезжаем на объект, оцениваем заражение, обрабатываем помещение препаратами, даём гарантию и назначаем повторную обработку.","Служба дезинсекции: почему прибыль зависит от погоды, если летом бригады не справляются, зимой простаивают, а клиент вызывает, лишь когда «уже совсем достали»?","Служба дезинсекции: ИИ прогнозирует поток заявок по сезону, погоде и району и планирует смены бригад — нет простоя зимой и срывов в летний пик, выше загрузка выездов и повторные обработки в графике."
169,Мини-склады self-storage,"Недвижимость, строительство и дом",Аренда / абонентская плата,"Мини-склады self-storage: как поднять заполняемость боксов и доход с метра, если половина ячеек пустует, а арендатор съезжает через два месяца?","Показываем боксы, оформляем договор, выдаём доступ и замок, принимаем оплату помесячно, контролируем просрочки и переоформляем освободившиеся ячейки.","Мини-склады self-storage: сколько дохода стоят пустые боксы, если арендатор занимает ячейку на месяц, съезжает без предупреждения, а должники годами держат замок?","Мини-склады self-storage: ИИ по платёжному поведению и сроку аренды предсказывает, кто съедет или уйдёт в просрочку — триггерные удержания и своевременная работа с должниками поднимают заполняемость и доход с метра."
170,Каршеринг,"Логистика, транспорт и авто",Аренда / usage-based,"Каршеринг: как поднять доход с машины в сутки и утилизацию парка, если авто простаивают на окраинах, а ремонт съедает маржу?","Закупаем и брендируем парк, верифицируем водителей в приложении, распределяем и релоцируем машины под спрос по районам, чистим и заправляем авто, обслуживаем поломки и штрафуем за нарушения.","Каршеринг: куда утекает прибыль с машины, если утром весь парк на окраине, вечером его не найти в центре, а один лихач в ремонте съедает выручку десяти поездок?","Каршеринг: ИИ прогнозирует спрос по районам и часам и планирует релокацию машин с окраин в центр — меньше простоя авто, выше число поездок и доход с машины в сутки."
171,Фудтрак,HoReCa и гостеприимство,Маржа на заказе,"Фудтрак: как выжать маржу с точки и не остаться с испорченными заготовками, если выручка зависит от места, погоды и потока людей?","Закупаем продукты, готовим заготовки, выезжаем на локацию, кормим поток в пиковые часы, считаем остатки и списываем непроданное к концу смены.","Фудтрак: почему хорошая точка не гарантирует прибыль, если дождь обнуляет день, очередь стоит один час, а заготовки к вечеру летят в мусор?","Фудтрак: прогноз продаж по локации, погоде и дню недели на истории точек задаёт объём заготовок на смену — меньше порчи к вечеру и упущенных продаж в час пик, стабильнее маржа точки."
172,Онлайн-аптека,E-commerce и маркетплейсы,Маржа на товаре,"Онлайн-аптека: как поднять средний чек и маржу, если наценка на препараты зарегулирована, а логистика и сроки годности съедают остаток?","Принимаем заказ, резервируем товар на складе, проверяем рецепты и сроки годности, комплектуем посылку, доставляем или отдаём в пункт выдачи и оформляем возвраты.","Онлайн-аптека: где теряется прибыль, если наценку на жизненно важные лекарства ограничили сверху, а редкие препараты списываются по сроку годности непроданными?",Онлайн-аптека: ИИ-рекомендации предлагают к рецептурному заказу сопутствующие безрецептурные товары и БАДы по корзине и истории — при зарегулированной наценке растёт средний чек и маржа заказа.
173,Производитель снеков,Производство и оптовая торговля,Производство + продажи,"Производитель снеков: как загрузить линию под полную мощность и держать маржу, если сети выкручивают цену, а полка требует постоянных промо?","Закупаем сырьё, готовим и обжариваем партии, фасуем и упаковываем, проверяем качество, комплектуем паллеты и отгружаем в торговые сети и дистрибьюторам.","Производитель снеков: куда девается маржа пачки, если сеть требует ретробонус, полка держится на бесконечных акциях, а линия то стоит, то работает в три смены?","Производитель снеков: ИИ считает эффективность промо по сетям и SKU и распределяет трейд-бюджет на работающие акции — режем бесполезные скидки и ретробонусы, удерживаем маржу пачки на полке."
174,Сертификационный центр,B2B-услуги и консалтинг,Проектные услуги,"Сертификационный центр: как ускорить оформление и вырасти в объёме, если каждая заявка — ручная проверка документов и переписка с лабораторией?","Принимаем заявку, проверяем документы клиента, отбираем образцы, отправляем на испытания в лабораторию, оформляем протоколы и выдаём сертификат в реестре.","Сертификационный центр: почему оформление тянется неделями, если эксперт вручную сверяет каждый документ, а заявка гуляет между клиентом и лабораторией по десять раз?","Сертификационный центр: ИИ извлекает и сверяет данные из документов заявителя с требованиями и протоколами лаборатории — уходит ручная проверка эксперта, оформление ускоряется с недель до дней, растёт пропускная способность."
175,UX/UI-студия,"Маркетинг, медиа и дизайн",Проектные услуги,"UX/UI-студия: как масштабировать выручку, если проекты держатся на паре сеньоров, а исследования и правки макетов невозможно предсказать по срокам?","Изучаем пользователей, собираем сценарии, проектируем прототипы, рисуем интерфейсы, тестируем на людях, готовим дизайн-систему и передаём макеты в разработку.","UX/UI-студия: правда ли, что прибыль проекта убивают не сложные экраны, а бесконечные «давайте передвинем кнопку» и правки, которые заказчик не считает работой?","UX/UI-студия: ИИ транскрибирует и резюмирует интервью и юзабилити-тесты, вытаскивая инсайты и цитаты — исследование перестаёт быть чёрной дырой по срокам, сеньоры экономят часы на разборе записей."
176,Фитнес-клуб,"Здоровье, красота и спорт",Абонентская подписка,"Фитнес-клуб: как удержать абонементы после января и поднять LTV, если клуб продаёт больше карт, чем вмещает зал, а к весне ходит десятая часть?","Продаём абонементы, проводим вводный инструктаж, ведём групповые и персональные тренировки, следим за посещаемостью, напоминаем о продлении и продаём допуслуги.","Фитнес-клуб: почему проданная в январе карта — это убыток, если человек приходит трижды, забрасывает к марту и не продлевается, а на его место продали ещё пять?","Фитнес-клуб: ИИ по частоте посещений и активности после покупки карты предсказывает отток к весне — персональные напоминания и предложения возвращают клиента в зал, растут продления и LTV абонемента."
177,Репетиторский центр,HR и образование,Обучение / инфопродукт,"Репетиторский центр: как удержать учеников до экзамена и загрузить преподавателей, если часть отваливается после первых занятий, а окна в расписании простаивают?","Проводим вводное тестирование, подбираем преподавателя, составляем расписание, ведём занятия, делаем промежуточные срезы и показываем родителям рост баллов, готовим к экзамену и продлеваем пакет часов.","Репетиторский центр: куда утекает выручка, если ученик бросает после трёх занятий, родитель не видит роста баллов, а расписание преподавателя дырявое между уроками?","Репетиторский центр: ИИ-расписание уплотняет окна между уроками и подбирает слоты под преподавателя и ученика — простой в расписании падает, загрузка педагогов растёт, освобождается время под новые пакеты часов."
178,Студия реставрации мебели,Локальные и бытовые услуги,Оплата за услугу,"Студия реставрации мебели: как поднять маржу заказа и предсказать сроки, если каждая вещь уникальна, а объём работ вскрывается только после разборки?","Осматриваем вещь, даём предварительную оценку, разбираем и зачищаем, уточняем смету и сроки по вскрытому объёму, восстанавливаем каркас, перетягиваем и покрываем, собираем и отдаём клиенту.","Студия реставрации мебели: почему смета вечно врёт, если реальный объём работ вскрывается только когда сняли обивку, а клиент уже согласовал старую цену?","Студия реставрации мебели: ИИ по фото вещи пред-оценивает объём работ и типовые дефекты до разборки — смета точнее с первого осмотра, меньше сюрпризов после вскрытия обивки и споров о цене."
179,Магазин спортивных товаров,Розничная торговля,Маржа на товаре,"Магазин спортивных товаров: как поднять оборачиваемость и средний чек, если ходовые размеры кончаются, а несезонные коллекции висят в остатках до распродажи?","Закупаем коллекции по сезонам, выкладываем товар, консультируем по размерам и назначению, подбираем экипировку, оформляем возвраты и распродаём остатки.","Магазин спортивных товаров: сколько денег заморожено в остатках, если ходовой размер кроссовок кончается за неделю, а зимняя коллекция висит до мартовской уценки в минус?","Магазин спортивных товаров: ИИ управляет уценкой несезонных остатков по скорости продаж и остатку сезона — распродаём коллекции до мартовской минусовой уценки, высвобождаем полку и оборотку, держим маржу."
180,Кредитный брокер,Финансы,Комиссия / success fee,"Кредитный брокер: как поднять долю одобрений и комиссию, если банки отказывают на финише, а клиенты с плохой историей забирают время без результата?","Собираем анкету клиента, проверяем кредитную историю, подбираем банк под профиль, подаём заявки, сопровождаем одобрение и доводим до выдачи.","Кредитный брокер: куда уходит время впустую, если из десяти клиентов одобряют двоих, банк режет на финише, а неплатёжеспособных видно только после часа переписки?","Кредитный брокер: скоринг по кредитной истории и профилю отсеивает заведомо неплатёжеспособных и подбирает банк с высоким шансом одобрения — специалист не тратит часы впустую, растёт доля выдач и комиссия."
181,Производитель напитков,Производство и оптовая торговля,Производство + продажи,"Производитель напитков: как загрузить линию розлива и держать маржу бутылки, если сети давят ценой, а логистика тяжёлого груза съедает прибыль?","Закупаем сырьё и тару, готовим рецептуру, разливаем и укупориваем, наклеиваем этикетки, проверяем партию и отгружаем в сети и дистрибьюторам.","Производитель напитков: почему на каждой бутылке зарабатываешь копейки, если сеть требует промо, тяжёлый груз дорого везти, а линия розлива простаивает между заказами?","Производитель напитков: ИИ строит маршруты доставки тяжёлого груза по заказам сетей и дистрибьюторов, объединяя рейсы и снижая пробег и стоимость логистики на бутылку на 15-20%."
182,Агентство influencer-маркетинга,"Маркетинг, медиа и дизайн",Абонентское обслуживание,"Агентство influencer-маркетинга: как масштабировать число клиентов, если каждую кампанию тянут вручную — подбор блогеров, согласования и отчёты по охватам?","Снимаем бриф, подбираем блогеров и проверяем их аудиторию на накрутку, согласуем ТЗ и цену, контролируем выход интеграции, собираем охваты и вовлечённость, готовим отчёт.","Агентство influencer-маркетинга: почему клиент платит за миллионные охваты, а продаж нет — и как отличить живую аудиторию блогера от накрученной ещё до подписания?","Агентство influencer-маркетинга: ИИ анализирует динамику подписчиков, комментариев и охватов блогера, выявляя накрутку и ботов до подписания и повышая долю кампаний с реальными продажами."
183,Ночной клуб,Развлечения и культура,Билеты + дополнительные продажи,"Ночной клуб: как поднять выручку в будни, если весь заработок держится на двух вечерах выходных и депозитах за столы?","Собираем программу диджеев и афишу, бронируем столы с депозитом, пускаем гостей через фейс-контроль и гардероб, продаём бар и кальяны, держим танцпол и закрываем счета к утру.","Ночной клуб: зал забит под завязку, а касса тонкая — куда утекает прибыль, если люди пришли на диджея, но почти ничего не берут в баре?","Ночной клуб: ИИ по чекам и профилю гостя за столом подсказывает бармену персональные допродажи бара и кальянов, поднимая средний чек и выручку в будни."
184,Прокат автомобилей,"Логистика, транспорт и авто",Аренда / usage-based,"Прокат автомобилей: как повысить загрузку парка и не терять на простоях, если лизинг и страховка капают даже за стоящую машину?","Принимаем бронь, проверяем документы и берём залог, осматриваем и выдаём авто, фиксируем пробег и топливо, принимаем обратно, оцениваем ущерб и готовим к следующей выдаче.","Прокат автомобилей: половина парка стоит на приколе, а платежи по лизингу идут — сколько прибыли машина съедает за каждый день без клиента?","Прокат автомобилей: ИИ по истории броней прогнозирует спрос по классам и датам и оптимально распределяет парк, сокращая простой машин и покрывая лизинговые платежи загрузкой."
185,Отель,HoReCa и гостеприимство,Оплата за проживание / услуги,"Отель: как поднять доход с номера, если загрузка высокая, а средний тариф просел из-за скидок и агрегаторов?","Принимаем бронирования с разных площадок, селим гостей на ресепшене, убираем и готовим номера, управляем тарифами по датам, продаём завтраки и услуги, выставляем счёт при выезде.","Отель: номера заполнены под 90%, а прибыли нет — правда ли, что комиссии агрегаторов и демпинг по тарифу съедают всё, что даёт загрузка?","Отель: ИИ ежедневно пересчитывает тариф по датам, загрузке, спросу и ценам конкурентов, снижая зависимость от скидок агрегаторов и поднимая ADR и доход на номер (RevPAR)."
186,Зоогостиница,Локальные и бытовые услуги,Оплата за услугу,"Зоогостиница: как заполнить вольеры в будни и межсезонье, если весь спрос сжат в новогодние и майские праздники?","Принимаем питомца с прививочным паспортом, расселяем по вольерам, кормим по графику хозяина, выгуливаем и играем, шлём отчёты с фото, возвращаем животное владельцу.","Зоогостиница: в праздники мест нет и очередь, а в будни вольеры пустуют — сколько теряет бизнес на том, что спрос приходит всего пару раз в году?","Зоогостиница: ИИ на данных прошлых броней задаёт динамические цены — скидки в будни и межсезонье, наценку в праздники, — выравнивая загрузку вольеров и повышая заполняемость в низкий сезон."
187,Онлайн-магазин одежды,E-commerce и маркетплейсы,Маржа на товаре,"Онлайн-магазин одежды: как удержать маржу, если возвраты из-за размеров и примерки съедают прибыль с каждой второй посылки?","Закупаем коллекции, снимаем и описываем карточки с размерной сеткой, принимаем заказы, собираем и отправляем, обрабатываем возвраты и примерки, пополняем ходовые размеры.","Онлайн-магазин одежды: заказов много, а прибыль тает — куда она уходит, если каждый второй клиент заказывает три размера, чтобы вернуть два?","Онлайн-магазин одежды: ИИ по параметрам покупателя и реальным меркам вещей рекомендует точный размер, снижая заказы «на примерку» и долю возвратов, сохраняя маржу с посылки."
188,Фермерское хозяйство,Сельское хозяйство и экология,Производство + продажи,"Фермерское хозяйство: как больше зарабатывать на урожае, если перекупщики забирают маржу, а часть продукции портится до продажи?","Готовим поле и сеем, ухаживаем и защищаем посевы, собираем урожай, сортируем и закладываем на хранение, ищем каналы сбыта, отгружаем и списываем порчу.","Фермерское хозяйство: урожай отличный, а денег мало — почему основную маржу забирают перекупщики, пока часть продукции гниёт на складе?","Фермерское хозяйство: ИИ подбирает под каждую партию прямых покупателей — рестораны, сети, опт — по объёму, цене и срокам, снижая долю перекупщиков и поднимая цену реализации."
189,Инвестиционная компания,Финансы,Комиссии + управление активами,"Инвестиционная компания: как нарастить активы под управлением, если аналитика, отчёты клиентам и ребалансировка портфелей делаются вручную?","Привлекаем клиента, оцениваем риск-профиль, собираем портфель, отслеживаем рынок и ребалансируем, готовим отчётность, берём комиссию за управление активами.","Инвестиционная компания: активов под управлением всё больше, а прибыль не растёт — правда ли, что ручная аналитика и отчёты держат бизнес заложником числа сотрудников?","Инвестиционная компания: ИИ генерирует персональные отчёты по портфелям и рыночные комментарии клиентам из данных, освобождая аналитиков от рутины и позволяя растить активы под управлением без найма."
190,Переводческое агентство,B2B-услуги и консалтинг,Проектные услуги,"Переводческое агентство: как брать больше срочных заказов без потери качества, если каждый проект — ручной подбор переводчика и редактуры?","Принимаем заказ, оцениваем объём и сроки, подбираем переводчика по теме, переводим, редактируем и сверяем терминологию, верстаем и сдаём готовый текст.","Переводческое агентство: заказов поток, а маржа тонкая — сколько времени и денег уходит на ручной подбор исполнителя и вычитку разнобоя в терминах?","Переводческое агентство: ИИ делает черновой машинный перевод и сверяет термины по глоссарию клиента, оставляя человеку редактуру и ускоряя срочные заказы без потери качества."
191,Магазин детских товаров,Розничная торговля,Маржа на товаре,"Магазин детских товаров: как разгрузить остатки и держать оборот, если ребёнок вырастает из размера быстрее, чем товар успевает продаться?","Закупаем товар по возрастам и сезонам, выкладываем по группам от 0+, консультируем родителей, продаём коляски и одежду, отслеживаем остатки, распродаём сезонное.","Магазин детских товаров: полки полные, а деньги заморожены — куда утекает прибыль, если размер 74 не продали, а ребёнок уже носит 86?","Магазин детских товаров: ИИ прогнозирует спрос по возрастам, размерам и сезонам и планирует закупки, сокращая неликвид и замороженные в остатках деньги на непроданных размерах."
192,IT-аутсорсинг для бизнеса,IT и цифровые сервисы,Абонентское обслуживание,"IT-аутсорсинг для бизнеса: как удержать маржу на абонентке, если поток заявок растёт, а цена договора зафиксирована на год?","Принимаем заявки клиентов, распределяем тикеты по инженерам, решаем инциденты в рамках SLA, обслуживаем инфраструктуру, отчитываемся по закрытым обращениям, выставляем абонентский счёт.","IT-аутсорсинг для бизнеса: клиентов на абонентке всё больше, а инженеры выгорают — почему фиксированная плата превращается в бесконечный поток мелких заявок?","IT-аутсорсинг для бизнеса: ИИ-ассистент на базе прошлых тикетов и регламентов сортирует заявки и подсказывает инженерам готовые решения, сокращая время на типовые инциденты при фиксированной абонентке."
193,Частная школа,HR и образование,Абонентская плата,"Частная школа: как удержать учеников до конца года и заполнить классы, если родители платят помесячно и уходят к середине курса?","Набираем классы, составляем расписание и учебный план, ведём уроки, выставляем оценки и общаемся с родителями, собираем оплату, работаем над удержанием и добором.","Частная школа: набор прошёл, классы полные, а к весне парты пустеют — сколько теряет школа на каждом ученике, который ушёл, не доучившись год?","Частная школа: ИИ по посещаемости, оценкам и оплатам выявляет учеников с риском ухода к середине года и запускает адресную работу с родителями, повышая удержание до конца курса."
194,Компания модульных домов,"Недвижимость, строительство и дом",Производство + продажи,"Компания модульных домов: как загрузить производство между заказами, если цикл сделки долгий, а линия простаивает в ожидании клиента?","Обсуждаем проект, считаем смету и заключаем договор, производим модули в заводском цеху, готовим фундамент на участке, привозим и монтируем блоки, подключаем коммуникации, сдаём дом.","Компания модульных домов: заказы есть, а прибыль скачет — почему между сделками цех простаивает, пока клиент месяцами думает и согласует проект?","Компания модульных домов: ИИ по параметрам проекта автоматически считает смету и готовит договор и КП, сокращая срок согласования сделки и простой цеха между заказами."
195,Студия персональных тренировок,"Здоровье, красота и спорт",Оплата за услугу,"Студия персональных тренировок: как закрыть окна в расписании и не терять клиентов, если каждый привязан к конкретному тренеру?","Записываем клиента, проводим замеры и ставим цель, ведём персональные тренировки, продаём абонементы, контролируем прогресс, продлеваем занятия.","Студия персональных тренировок: расписание вроде плотное, а тренер увольняется и уводит клиентов за собой — сколько бизнес теряет на привязке людей к одному человеку?","Студия персональных тренировок: ИИ подбирает клиенту свободного тренера под цель и график и закрывает окна в расписании, снижая зависимость от одного специалиста и потерю клиентов при увольнении."
196,Тепличное хозяйство,Сельское хозяйство и экология,Производство + продажи,"Тепличное хозяйство: как удержать рентабельность, если отопление и досветка съедают прибыль, а зимняя цена не всегда окупает энергозатраты?","Высаживаем рассаду, держим климат и полив, подкармливаем и защищаем растения, собираем и сортируем урожай, фасуем, отгружаем в сети и на рынки.","Тепличное хозяйство: зелень и овощи растут круглый год, а прибыль зависит от счёта за свет — сколько маржи сгорает на отоплении и досветке в морозы?","Тепличное хозяйство: ИИ прогнозирует выход урожая и оптовую цену и планирует режим досветки и отопления так, чтобы энергозатраты окупались, поднимая рентабельность зимних партий."
197,Детейлинг-центр,"Логистика, транспорт и авто",Оплата за услугу,"Детейлинг-центр: как поднять выручку с поста, если полировка и керамика занимают целый день, а число боксов ограничено?","Записываем клиента, принимаем авто с осмотром, моем и чистим салон, полируем кузов, наносим керамику или плёнку, сдаём машину и показываем результат.","Детейлинг-центр: запись плотная, мастера в мыле, а касса не радует — почему один бокс на весь день ради одной машины ограничивает весь заработок?","Детейлинг-центр: ИИ по состоянию авто и истории клиента предлагает выгодные допуслуги — керамику, плёнку, защиту салона, — поднимая средний чек с одного бокса без роста числа постов."
198,Агентство продвижения на маркетплейсах,"Маркетинг, медиа и дизайн",Абонентское обслуживание,"Агентство продвижения на маркетплейсах: как масштабировать число клиентов, если карточки, ставки и аналитику по каждому селлеру ведёте вручную?","Проводим аудит карточек, дорабатываем контент и ключевые слова, настраиваем рекламу и следим за ДРР, анализируем выкупы и остатки, готовим отчёт селлеру.","Агентство продвижения на маркетплейсах: продажи клиента растут, а ваша абонентка стоит на месте — куда девается маржа, когда каждую карточку и ставку крутят руками?","Агентство продвижения на маркетплейсах: ИИ управляет ставками и бюджетом рекламы по каждой карточке, удерживая целевой ДРР и выкуп и позволяя вести больше селлеров без роста ручной работы."
199,Производитель готовой еды,Производство и оптовая торговля,Производство + продажи,"Производитель готовой еды: как поднять маржу, если короткий срок годности заставляет списывать непроданное каждый вечер?","Закупаем продукты, готовим блюда по меню, фасуем и маркируем со сроком, развозим по точкам и клиентам, снимаем остатки, списываем просрочку.","Производитель готовой еды: кухня работает на полную, а прибыль тает к ночи — сколько денег уезжает в мусорный бак вместе с непроданными за день порциями?","Производитель готовой еды: ИИ по продажам точек, дням недели и сроку годности рассчитывает объём готовки на каждую точку, сокращая вечерние списания непроданных порций и повышая маржу."
200,Хостел,HoReCa и гостеприимство,Оплата за проживание / услуги,"Хостел: как поднять доход с койко-места, если чек низкий, гости меняются каждую ночь, а уборка и стирка съедают маржу?","Принимаем бронь на койку или номер, селим и выдаём бельё, убираем и стираем после выезда, следим за загрузкой мест, продаём завтраки и трансфер, собираем оплату.","Хостел: койки заняты почти всегда, а денег в обрез — правда ли, что низкий чек и вечная текучка гостей не оставляют прибыли после уборки и стирки?","Хостел: ИИ по графику заездов и выездов планирует смены уборки и стирки под реальную загрузку, сокращая переплату за простой персонала и поднимая маржу с койко-места."
201,Частный детский сад,HR и образование,Абонентская плата,"Частный детский сад: как удержать маржу, если плата фиксированная, а расходы на воспитателей и питание растут каждый месяц?","Набираем группы по возрасту, ставим воспитателей и режим дня, кормим и организуем занятия, общаемся с родителями, собираем ежемесячную плату, добираем места.","Частный детский сад: группы укомплектованы, очередь на входе, а прибыли почти нет — куда уходит абонентская плата, если зарплаты и питание дорожают быстрее ценника?","Частный детский сад: ИИ планирует меню и оптимизирует закупки продуктов по ценам поставщиков и нормам питания, снижая себестоимость питания и удерживая маржу при фиксированной оплате."
202,Концертная площадка,Развлечения и культура,Билеты + дополнительные продажи,"Концертная площадка: как закрыть пустые даты в календаре, если аренда, персонал и охрана стоят одинаково — с концертом и без?","Бронируем артистов и даты, продаём билеты и организуем вход, готовим сцену и звук, работаем на баре и в гардеробе, обслуживаем зал, рассчитываемся с исполнителями.","Концертная площадка: аншлаг в пятницу, а вторник и среда — пустой зал под тем же светом и охраной — сколько прибыли сжигают простаивающие даты?","Концертная площадка: ИИ по спросу города и истории продаж подбирает артистов и события под пустые даты, заполняя простаивающие будни и покрывая постоянные расходы на аренду и охрану."
203,Брокерская компания,Финансы,Комиссия / success fee,"Брокерская компания: как поднять долю закрытых сделок, если комиссия идёт только за результат, а лиды сыплются потоком?","Открываем клиенту брокерский счёт, проводим квалификацию, даём доступ к торгам на бирже, принимаем и исполняем заявки, храним активы, готовим отчётность и удерживаем комиссию с оборота.","Брокерская компания: лидов гора, менеджеры в мыле, а платят только за закрытые сделки — сколько выручки утекает с клиентами, до которых руки так и не дошли?","Брокерская компания: ИИ скорит поток лидов по вероятности открытия счёта и оборота, направляя менеджеров на горячих клиентов первыми и повышая долю закрытых сделок из входящего потока."
204,Онлайн-магазин косметики,E-commerce и маркетплейсы,Маржа на товаре,"Онлайн-магазин косметики: как вернуть клиента за повторной покупкой, если расходники заканчиваются, а он уходит к конкуренту?","Закупаем ассортимент, оформляем карточки с составом и сроком, принимаем заказы, комплектуем и отправляем, следим за сроками годности, работаем с повторными покупками.","Онлайн-магазин косметики: крем заканчивается ровно через месяц, клиент готов купить снова — почему за добавкой он идёт не к вам, и сколько на этом теряется LTV?","Онлайн-магазин косметики: ИИ по составу заказа и расходу прогнозирует дату, когда средство заканчивается, и шлёт напоминание о повторной покупке, возвращая клиента и повышая LTV."
205,Компания по кибербезопасности,IT и цифровые сервисы,Проектные услуги,"Компания по кибербезопасности: как уйти от разовых проектов к повторяемой выручке, если каждый аудит — ручная работа дефицитных специалистов?","Проводим аудит инфраструктуры клиента, ищем уязвимости через пентест, готовим отчёт с рисками, внедряем защиту, обучаем сотрудников, берём проект на сопровождение.","Компания по кибербезопасности: спрос огромный, специалистов не хватает — почему выручка обрывается на сдаче проекта, вместо того чтобы капать постоянно?","Компания по кибербезопасности: ИИ непрерывно выявляет аномалии в трафике и логах клиента между аудитами, превращая разовые проекты в абонентский мониторинг и добавляя повторяемую выручку."
206,Магазин оптики,Розничная торговля,Маржа на товаре,"Магазин оптики: как поднять конверсию из проверки зрения в покупку, если диагностика почти бесплатна, а вся маржа в линзах и оправах?","Проверяем зрение на приборах, подбираем оправу и тип линз, оформляем заказ на изготовление, шлифуем и вставляем линзы, выдаём готовые очки, зовём на повтор.","Магазин оптики: поток на проверку зрения есть, а касса скромная — сколько клиентов уходят с рецептом в руке, чтобы заказать очки где-то дешевле?","Магазин оптики: ИИ-конфигуратор виртуально примеряет оправы по фото лица и подбирает тип линз под рецепт, повышая конверсию из проверки зрения в покупку прямо на месте."
207,Агентство хоумстейджинга,"Недвижимость, строительство и дом",Проектные услуги,"Агентство хоумстейджинга: как загрузить склад реквизита между проектами, если мебель и декор простаивают в ожидании следующего объекта?","Выезжаем на объект, оцениваем и планируем обстановку, привозим мебель и декор, оформляем интерьер, делаем фотосъёмку для продажи, забираем реквизит после сделки.","Агентство хоумстейджинга: оформленная квартира продаётся быстрее и дороже, а склад с мебелью простаивает между заказами — сколько прибыли лежит мёртвым грузом?","Агентство хоумстейджинга: ИИ планирует ротацию мебели и декора между объектами по графику проектов, повышая оборачиваемость склада реквизита и сокращая простой мёртвого груза между заказами."
208,Сервис выгула собак,Локальные и бытовые услуги,Оплата за услугу,"Сервис выгула собак: как поднять число прогулок в день, если выгульщики теряют время на дорогу между разбросанными по городу адресами?","Принимаем заявку, подбираем выгульщика по району, забираем собаку по ключу, гуляем положенное время, шлём отчёт с фото и геотреком, возвращаем питомца.","Сервис выгула собак: заявок много, а выгульщик успевает мало — сколько прибыли съедают пробки и километры между клиентами на разных концах города?","Сервис выгула собак: ИИ группирует заявки по районам и строит маршруты выгульщиков, сокращая время на дорогу между адресами и увеличивая число прогулок в день на человека."
209,Охрана труда на аутсорсе,B2B-услуги и консалтинг,Абонентское обслуживание,"Охрана труда на аутсорсе: как взять больше клиентов на абонентку, если инструктажи, журналы и документы по каждому оформляются вручную?","Проводим инструктажи, ведём журналы и приказы, организуем СОУТ и медосмотры, готовим к проверкам, обновляем документы под изменения закона, отчитываемся клиенту.","Охрана труда на аутсорсе: клиент платит абонентку за спокойствие, а вы тонете в бумагах — сколько времени уходит на ручное заполнение журналов вместо новых договоров?","Охрана труда на аутсорсе: ИИ извлекает данные из документов клиента и автоматически заполняет журналы, приказы и инструктажи, сокращая ручной ввод и позволяя вести больше договоров на абонентке."
210,Студия лазерной эпиляции,"Здоровье, красота и спорт",Оплата за услугу,Студия лазерной эпиляции: как догружать простаивающий аппарат между сеансами и доводить клиента до конца курса из шести-восьми процедур?,"Мы консультируем и тестируем реакцию кожи, бреем зону, ведём клиента по курсу с интервалом в месяц, отрабатываем аппаратом, записываем на следующий сеанс и напоминаем не бросить курс.","Студия лазерной эпиляции: можно ли отбить дорогой аппарат, если клиент пропадает после второй процедуры из восьми оплаченных?","Студия лазерной эпиляции: ИИ по графику курса выявляет клиентов, бросающих процедуры после второго сеанса, и запускает напоминания и стимулы, доводя курс до конца и загружая аппарат."
211,Шиномонтаж,"Логистика, транспорт и авто",Оплата за услугу,"Шиномонтаж: как заработать в мёртвый сезон, если весь спрос сжат в два пиковых месяца — переобувку весной и осенью?","Принимаем машину в очередь, снимаем колёса, перебортируем и балансируем, проверяем давление, ставим обратно, предлагаем хранение шин до следующего сезона.","Шиномонтаж: в сезон переобувки очередь на улицу и хаос, а между пиками бокс пустует — сколько прибыли теряется на том, что весь год зажат в две недели?","Шиномонтаж: динамическое ценообразование слотов по истории записей и погоде — скидки в межсезон и будни, премия в пик; сглаживаем очередь и грузим бокс в мёртвые месяцы."
212,Хостинг-провайдер,IT и цифровые сервисы,Абонентская подписка,"Хостинг-провайдер: как удержать клиентов на ежегодном продлении и вырастить средний тариф, не срываясь в ценовые войны с гигантами?","Продаём тарифы и домены, разворачиваем серверы, принимаем заявки в поддержку, следим за аптаймом и нагрузкой, выставляем автосписания и напоминаем о продлении.","Хостинг-провайдер: почему выручка по подписке вроде стабильна, а прибыль утекает в ночную поддержку и клиентов, что уходят к конкуренту за пятьдесят рублей?","Хостинг-провайдер: модель оттока по логам нагрузки, тикетам и истории платежей предсказывает несостоявшиеся продления за месяц — триггерный оффер и апселл тарифа снижают отток и растят ARPU."
213,Глэмпинг,HoReCa и гостеприимство,Оплата за проживание / услуги,"Глэмпинг: как выровнять загрузку шатров вне сезона и удержать маржу, когда доход держится на трёх летних месяцах?","Мы принимаем брони, готовим шатры и постель к заезду, топим печь и баню, встречаем гостей, кормим завтраком, водим на активности, а после выезда убираем и снова выставляем даты.","Глэмпинг: куда утекает годовая прибыль, если шатры забиты в июле под ноль, а к октябрю стоят пустыми?","Глэмпинг: ИИ перераспределяет рекламный бюджет по данным прошлых броней и сезонности, таргетируя будни и межсезон — ниже стоимость брони и выше загрузка шатров в октябре."
214,Магазин цифровых товаров,E-commerce и маркетплейсы,Маржа на товаре,"Магазин цифровых товаров: как поднять конверсию и средний чек на ключах и подписках, если наценку съедают платёжные комиссии и возвраты?","Закупаем ключи и коды, публикуем карточки, принимаем оплату, выдаём товар автоматически, разбираем спорные заказы и чарджбеки, отвечаем на вопросы покупателей.","Магазин цифровых товаров: правда ли, что продажа без склада и логистики — лёгкие деньги, если фрод, возвраты и мёртвые остатки ключей едят всю наценку?","Магазин цифровых товаров: антифрод-модель по параметрам заказа, платежа и устройства помечает рисковые покупки до выдачи ключа — меньше чарджбеков и возвратов, наценку не съедает фрод."
215,Управляющая компания активами,Финансы,Комиссии + управление активами,"Управляющая компания активами: как нарастить число клиентов и активов под управлением, не раздувая штат аналитиков и не проседая по комиссиям?","Привлекаем инвесторов, оформляем договоры, формируем портфели, ребалансируем позиции, готовим отчётность клиентам и следим за рисками и лимитами.","Управляющая компания активами: что скрывается за красивой доходностью в презентации, если половина времени управляющих уходит на отчёты, а не на решения по портфелю?","Управляющая компания активами: ИИ автоформирует клиентскую отчётность и комментарии по портфелю из данных позиций и сделок — управляющие тратят часы не на отчёты, а на решения, и ведут больше клиентов."
216,Видеопродакшн,"Маркетинг, медиа и дизайн",Проектные услуги,"Видеопродакшн: как поднять маржу проекта и снимать больше роликов, если правки клиента и простои монтажёров съедают весь бюджет смены?","Обсуждаем бриф, пишем сценарий и раскадровку, снимаем на площадке, монтируем, гоняем правки с клиентом, сдаём финальный ролик и закрываем акты.","Видеопродакшн: сколько денег сгорает на бесконечных кругах правок и переносах съёмок, пока смена оплачена, а готового ролика всё ещё нет?","Видеопродакшн: ИИ собирает черновой монтаж, чистит звук, ставит цвет и субтитры по отснятому материалу — монтажёр отдаёт первую версию быстрее, меньше кругов правок и простоев смены."
217,Детский развивающий центр,HR и образование,Абонентская плата,"Детский развивающий центр: как удержать абонементы после пробного и заполнить группы в дневные часы, когда родители на работе?","Зовём на пробное занятие, набираем группы по возрастам, ставим педагогов и расписание, проводим развивающие занятия, отслеживаем прогресс детей, показываем результат родителям, продаём и продлеваем абонементы.","Детский развивающий центр: почему после блестящего пробного занятия половина родителей не покупает абонемент, а группы в будни днём стоят полупустыми?","Детский развивающий центр: модель по итогам пробного и анкете предсказывает, кто не купит абонемент, и запускает персональный оффер и звонок педагога — конверсия пробного в абонемент растёт."
218,Молочная ферма,Сельское хозяйство и экология,Производство + продажи,"Молочная ферма: как повысить надои и жирность и продавать молоко дороже переработчику, не упираясь в закупочную цену на сырьё?","Кормим и доим стадо, следим за здоровьем и отёлами коров, охлаждаем молоко, сдаём его на завод по контракту, ведём учёт надоев и ветеринарию.","Молочная ферма: куда исчезает прибыль, если коровы доятся, молоко льётся, а переработчик диктует цену и снимает за каждую десятую процента жирности?","Молочная ферма: ИИ по данным надоев, активности и ветучёта каждой коровы ловит мастит и спад рациона на ранней стадии — выше надой и жирность, меньше выбраковки и потерь на болезнях."
219,Агентство домашнего персонала,Локальные и бытовые услуги,Оплата за услугу,"Агентство домашнего персонала: как масштабировать подбор нянь и домработниц и удержать комиссию, если клиенты уходят на прямую оплату мимо кассы?","Собираем запрос семьи, проверяем и отбираем кандидатов, проводим собеседования, выводим на пробный день, берём комиссию и сопровождаем замену.","Агентство домашнего персонала: правда ли, что работа — просто свести семью и няню, если после первой встречи они договариваются напрямую и агентство остаётся без комиссии?","Агентство домашнего персонала: ИИ сопоставляет запрос семьи с профилями кандидатов по опыту, графику и отзывам — точнее первый подбор и быстрая замена, семьи реже уходят на прямую оплату."
220,Студия йоги,"Здоровье, красота и спорт",Абонентская подписка,"Студия йоги: как поднять посещаемость абонементов и заполнить утренние и дневные классы, чтобы не жить только за счёт вечерних потоков?","Продаём абонементы и разовые, ставим сетку классов, распределяем инструкторов и залы, напоминаем о занятиях, удерживаем тех, кто перестал ходить.","Студия йоги: почему проданный абонемент — ещё не деньги, если человек сходил три раза, бросил и не продлил, а зал в обед пустует?","Студия йоги: модель по частоте визитов и паузам предсказывает, кто бросает после трёх занятий — автонапоминание и персональный оффер возвращают клиента и повышают продление абонементов."
221,Аутсорсинговый отдел продаж,B2B-услуги и консалтинг,Абонентское обслуживание,"Аутсорсинговый отдел продаж: как нарастить число клиентов на подписке и удержать их, если результат зависит от текучки и качества менеджеров?","Изучаем продукт клиента, собираем базу и скрипты, обзваниваем лиды, квалифицируем и назначаем встречи, передаём сделки заказчику, отчитываемся по конверсии.","Аутсорсинговый отдел продаж: что ломается первым, когда клиент платит за подписку, а звонки уходят вхолостую и он винит вас в слабых лидах со своего же рынка?","Аутсорсинговый отдел продаж: скоринг лидов из базы клиента по отклику и профилю расставляет очередь звонков — менеджеры работают по горячим, меньше вхолостую, выше конверсия во встречи на том же штате."
222,Компания по приёмке квартир,"Недвижимость, строительство и дом",Проектные услуги,"Компания по приёмке квартир: как увеличить число приёмок в день и средний чек, если заработок упирается в физическое время эксперта на объекте?","Принимаем заявку дольщика, выезжаем на объект с тепловизором и приборами, фиксируем дефекты, составляем акт и претензию застройщику, сопровождаем устранение.","Компания по приёмке квартир: куда утекает выручка, если эксперт объезжает три квартиры в день, а на составление актов и дефектовку вечером уходят ещё часы?","Компания по приёмке квартир: ИИ по фото, замерам и заметкам с объекта автоформирует акт дефектов и претензию застройщику — вечерняя бумажная работа исчезает, эксперт делает больше приёмок в день."
223,Аптечная сеть,Розничная торговля,Маржа на товаре,"Аптечная сеть: как поднять средний чек и маржу на допродажах, если наценка зажата регулированием, а списания по срокам годности растут?","Заказываем препараты у дистрибьюторов, приходуем и раскладываем товар, консультируем и продаём на кассе, следим за сроками годности, списываем просрочку, ведём учёт рецептурных.","Аптечная сеть: сколько прибыли лежит на полках в виде препаратов, которые спишутся по сроку раньше, чем их кто-нибудь спросит?","Аптечная сеть: ИИ прогнозирует спрос по SKU и срокам годности, корректирует заказ и перебрасывает предликвид между точками — списания по просрочке падают, оборачиваемость выше."
224,Молочный завод,Производство и оптовая торговля,Производство + продажи,"Молочный завод: как загрузить линии на полную мощность и повысить выход готовой продукции, если сырьё дорожает, а сети давят по отпускной цене?","Принимаем сырое молоко, пастеризуем и нормализуем, разливаем и фасуем, маркируем в «Честном знаке», развозим по сетям и магазинам, отслеживаем возвраты по срокам.","Молочный завод: правда ли, что завод зарабатывает на объёме, если недозагруженные линии, возвраты из сетей и короткий срок годности съедают всю рентабельность партии?","Молочный завод: прогноз спроса по сетям и SKU планирует объём розлива под реальные заказы и сроки — линии загружены ровнее, возвратов по истёкшему сроку меньше."
225,Театральная студия,Развлечения и культура,Билеты + дополнительные продажи,"Театральная студия: как продавать больше билетов на спектакли и добирать выручку допродажами, не завися от одного аншлагового показа в месяц?","Ставим репертуар, репетируем с труппой, продаём билеты на показы, зазываем зрителей на премьеры, торгуем в буфете и мерчем, набираем на платные курсы актёрского.","Театральная студия: куда утекает касса, если премьеры собирают аншлаг, а на будних показах полупустой зал платит за тот же свет, аренду и труппу?","Театральная студия: рекомендательный движок допродаёт по истории покупок буфет, мерч и платные курсы актёрского каждому зрителю — средний чек показа растёт без зависимости от одного аншлага."
226,Спортивная секция,"Здоровье, красота и спорт",Абонентская подписка,"Спортивная секция: как удержать детей на абонементах после соревновательного сезона и заполнить группы, чтобы тренеры не работали на трёх учеников?","Набираем группы по уровням, ставим расписание тренировок и залов, продаём абонементы, готовим к соревнованиям, напоминаем об оплате, удерживаем тех, кто пропускает.","Спортивная секция: почему после сезона и соревнований половина группы отваливается, а тренер получает за полупустой зал столько же времени, сколько за полный?","Спортивная секция: модель оттока по посещаемости, оплатам и результатам ловит детей, готовых уйти после сезона — тренер получает сигнал и сценарий удержания, группы не пустеют."
227,Банкетный зал,HoReCa и гостеприимство,Маржа на заказе,"Банкетный зал: как поднять маржу заказа и загрузить будни, если весь оборот держится на субботних свадьбах, а зал пустует в остальные дни?","Принимаем заявки на даты, показываем зал и меню, согласуем сценарий и рассадку, готовим банкет с кухней, обслуживаем гостей, закрываем счёт и собираем отзывы.","Банкетный зал: сколько теряет заведение на пустых будних вечерах и сорванных бронях, если суббота расписана на год вперёд, а понедельник стоит тёмным?","Банкетный зал: динамические цены и пакеты по спросу на даты — премия за субботу, скидки и депозит на будни — грузим пустые вечера и поднимаем маржу заказа, меньше сорванных броней."
228,Автошкола,HR и образование,Обучение / инфопродукт,"Автошкола: как набирать больше групп и повышать доходимость до экзамена, если ученики бросают обучение после первых занятий, а инструкторов не хватает?","Набираем группы на теорию, ведём лекции и внутренние экзамены, распределяем учеников по инструкторам и машинам, отправляем на площадку и в город, готовим к сдаче в ГИБДД.","Автошкола: куда утекают деньги, если группа набрана и оплачена, а до экзамена доезжает половина, и машины инструкторов простаивают в неудобные часы?","Автошкола: ИИ распределяет учеников по инструкторам, машинам и площадке под свободные часы и уровень — простой машин в неудобное время падает, группы едут ровнее к экзамену."
229,Автомойка,"Логистика, транспорт и авто",Оплата за услугу,"Автомойка: как поднять поток машин в час и средний чек на допуслугах, если в дождь очередь, а в сушь боксы простаивают полдня?","Принимаем машину, моем и сушим кузов, чистим салон и коврики, предлагаем химчистку и полировку, рассчитываем на кассе, зовём постоянных клиентов обратно.","Автомойка: почему выручка скачет вместе с погодой, если в ливень очередь на час, а в сухой день мойщики и боксы стоят без дела?",Автомойка: прогноз почасовой загрузки по погоде и истории чеков ставит нужное число мойщиков и запускает промо в сухие часы — меньше потерянных машин в очередь и простоя боксов.
230,Редакция корпоративных медиа,"Маркетинг, медиа и дизайн",Абонентское обслуживание,"Редакция корпоративных медиа: как вести больше клиентов на подписке и держать маржу, если согласования текстов с заказчиком растягивают каждый выпуск?","Собираем контент-план с клиентом, пишем статьи и посты, готовим визуал, гоняем правки и согласования, публикуем в каналах, отчитываемся по охватам.","Редакция корпоративных медиа: сколько маржи сгорает в кругах согласований, если статья готова за день, а заказчик правит её три недели по абзацу?","Редакция корпоративных медиа: RAG-ассистент на базе бренд-гайда и утверждённых текстов клиента готовит черновики в его тональности — меньше кругов согласований, редактор ведёт больше клиентов."
231,Финансовый консультант,Финансы,Комиссия / success fee,"Финансовый консультант: как масштабировать число клиентов и доход, если оплата — процент с результата, а каждый план собирается вручную под человека?","Проводим встречу, анализируем доходы и долги клиента, собираем личный финансовый план, подбираем инструменты, сопровождаем сделки, берём процент с результата.","Финансовый консультант: что скрывается за success fee, если на сборку персонального плана уходят дни, а клиент внедряет советы через раз и результат не гарантирован?","Финансовый консультант: ИИ собирает черновик персонального финплана из данных о доходах, долгах и целях клиента — консультант правит, а не пишет с нуля, и ведёт больше клиентов на том же времени."
232,Интернет-провайдер,IT и цифровые сервисы,Абонентская подписка,"Интернет-провайдер: как снизить отток абонентов и вырастить средний чек на допуслугах, если в доме давно демпингует конкурент по той же цене?","Подключаем абонентов, тянем и обслуживаем сеть, принимаем заявки на аварии, выезжаем чинить обрывы, списываем абонплату, удерживаем тех, кто собрался уходить.","Интернет-провайдер: куда утекает прибыль, если абонент платит копеечную абонплату, а один выезд бригады на обрыв съедает выручку с него за полгода?","Интернет-провайдер: модель оттока по авариям, скорости и обращениям выделяет абонентов, готовых уйти к демпингующему конкуренту — превентивный оффер и апселл допуслуг удерживают их и растят чек."
233,Оценочная компания недвижимости,"Недвижимость, строительство и дом",Проектные услуги,"Оценочная компания недвижимости: как делать больше отчётов об оценке в месяц и держать цену, если каждый объект оценщик считает и оформляет вручную?","Принимаем заявку, выезжаем на объект, собираем аналоги и документы, считаем стоимость, готовим отчёт по стандартам, сдаём заказчику для банка или суда.","Оценочная компания недвижимости: правда ли, что оценщик зарабатывает на выезде, если больше половины времени уходит на подбор аналогов и оформление толстого отчёта под банк?","Оценочная компания недвижимости: ИИ подбирает объекты-аналоги из баз объявлений и сделок и предзаполняет отчёт — оценщик тратит время не на поиск аналогов, а на проверку, отчётов в месяц больше."
234,Print-on-demand бренд,E-commerce и маркетплейсы,Производство + продажи,"Print-on-demand бренд: как поднять маржу на футболке и повторные покупки, если каждый дизайн печатается под заказ, а возвраты по размеру растут?","Рисуем принты, выкладываем макеты в каталог, принимаем заказ, печатаем на изделии под клиента, упаковываем и отправляем, разбираем возвраты по размеру и качеству.","Print-on-demand бренд: сколько наценки съедают возвраты и брак печати, если склада нет, но каждый неугаданный размер и кривой оттиск — это чистый убыток?","Print-on-demand бренд: ИИ-рекомендатель размера по параметрам покупателя и таблице посадки подсказывает верный размер до заказа — возвраты по размеру падают, повторные покупки растут."
235,Магазин автозапчастей,Розничная торговля,Маржа на товаре,"Магазин автозапчастей: как поднять оборачиваемость склада и средний чек, если ходовые позиции быстро кончаются, а неликвид годами лежит на полке?","Подбираем деталь по VIN и каталогу, заказываем у поставщиков, приходуем на склад, продаём на кассе или под заказ, оформляем возвраты неподошедших, ведём остатки.","Магазин автозапчастей: куда вмораживается прибыль, если ходовые фильтры разбирают за день, а полки забиты деталями, которые ждут своего покупателя третий год?","Магазин автозапчастей: прогноз спроса по SKU, VIN-запросам и сезону задаёт точку заказа ходовых и вычищает неликвид — оборачиваемость склада выше, меньше денег заморожено в мёртвых полках."
236,Контакт-центр на аутсорсе,B2B-услуги и консалтинг,Абонентское обслуживание,"Контакт-центр на аутсорсе: как масштабировать число линий на подписке и держать маржу, если зарплаты операторов и текучка съедают всю экономику?","Подключаем проект клиента, обучаем операторов скриптам, принимаем и совершаем звонки, обрабатываем чаты и заявки, снимаем метрики, отчитываемся заказчику.","Контакт-центр на аутсорсе: что ломается первым, когда клиент платит за подписку, а половина смены операторов уходит на найм и обучение вечно текучих новичков?","Контакт-центр на аутсорсе: ИИ-ассистент берёт типовые чаты и звонки и подсказывает оператору ответ — одна смена держит больше линий, экономика не проседает на зарплатах и обучении новичков."
237,Пункт выдачи заказов,Локальные и бытовые услуги,Комиссия / usage-based,"Пункт выдачи заказов: как вырасти по выручке, если доход — копеечная комиссия с заказа, а поток и возвраты зависят от чужого маркетплейса?","Принимаем поставки, раскладываем заказы по ячейкам, выдаём по коду, оформляем примерки и возвраты, отправляем невыкупы назад, получаем комиссию с оборота.","Пункт выдачи заказов: правда ли, что это лёгкий пассивный бизнес, если комиссия копеечная, а очереди на примерку и гора возвратов держатся на одном сотруднике?","Пункт выдачи заказов: ИИ прогнозирует пики выдач, примерок и возвратов по данным поставок и истории заказов и ставит сотрудника под час пик — меньше очередей и брошенных выкупов."
238,Птицефабрика,Сельское хозяйство и экология,Производство + продажи,"Птицефабрика: как повысить выход яйца и мяса с поголовья и удержать цену, если корма дорожают, а сети выкручивают руки по закупке?","Закладываем яйцо в инкубатор, выращиваем поголовье на кормах, следим за падежом и ветеринарией, собираем и сортируем яйцо у несушек либо забиваем и разделываем бройлера, фасуем и развозим по сетям.","Птицефабрика: куда утекает рентабельность, если птица растёт по графику, а скачок цены на корма и падёж в одном птичнике съедают маржу всей партии?","Птицефабрика: предиктивный контроль микроклимата и оборудования птичников по датчикам вентиляции, поения и температуры предупреждает аварии и падёж до вспышки — сохраняем выход партии."
239,Гончарная мастерская,Развлечения и культура,Оплата за занятие / мастер-класс,"Гончарная мастерская: как заполнить будние мастер-классы и поднять чек, если печь и круги простаивают между выходными группами новичков?","Записываем на мастер-класс, выдаём глину и круги, учим лепить, сушим и обжигаем изделия в печи, отдаём готовое гостю, продаём керамику и наборы.","Гончарная мастерская: почему прибыль тает между занятиями, если группы идут по выходным, а печь, глина и мастер простаивают всю неделю в ожидании обжига?","Гончарная мастерская: ИИ оптимизирует сетку мастер-классов и загрузку печи, группируя обжиги и заполняя будни по спросу — печь и мастер не простаивают всю неделю, выше выручка со слота."
240,Мясоперерабатывающее предприятие,Производство и оптовая торговля,Производство + продажи,"Мясоперерабатывающее предприятие: как повысить выход продукции с туши и загрузку цеха, если сырьё дорожает, а сети возвращают товар по срокам?","Принимаем сырьё, обваливаем и жилуем мясо, готовим фарш и колбасы по рецептуре, коптим и фасуем, маркируем, развозим по сетям и точкам.","Мясоперерабатывающее предприятие: сколько прибыли уходит в обрезь и возвраты, если каждый процент выхода с туши и день срока годности решают, в плюсе вы или в минусе?","Мясоперерабатывающее предприятие: компьютерное зрение на обвалке контролирует выход и жиловку по каждой туше — ловим потери в обрезь и брак раньше, каждый процент выхода остаётся в марже."
241,Краудфандинговая платформа,Финансы,Комиссия с транзакций,"Краудфандинговая платформа: как нарастить число успешных сборов и объём транзакций, если доход — процент, а половина проектов не добирает до цели?","Принимаем и модерируем проекты, публикуем кампании, собираем взносы от бэкеров, держим деньги до цели, переводим авторам за вычетом комиссии, гасим споры и возвраты.","Краудфандинговая платформа: куда утекает выручка, если комиссия капает только с успешных сборов, а большинство кампаний глохнет на полпути и не доходит до цели?","Краудфандинговая платформа: скоринг новых кампаний по данным прошлых сборов — динамика первых дней, структура наград, активность автора — направляет поддержку на спасаемые проекты; растёт доля доходящих до цели и объём комиссии."
242,Реабилитационный центр,"Здоровье, красота и спорт",Оплата за услугу,"Реабилитационный центр: как повысить загрузку специалистов и удержать пациента на полном курсе, а не на паре разовых занятий?","Принимаем пациента, проводим первичную диагностику, составляем план восстановления, ведём курс ЛФК, физиопроцедур и массажа, отслеживаем динамику и назначаем повторные визиты.","Реабилитационный центр: почему расписание врачей забито, а выручка стоит, если половина пациентов бросает курс после третьего занятия?","Реабилитационный центр: модель на данных посещаемости и динамики восстановления предсказывает срыв курса после 2–3 занятий и запускает напоминания — доля доходящих до конца курса выше, кресла специалистов загружены."
243,SaaS-компания,IT и цифровые сервисы,SaaS-подписка,"SaaS-компания: как снизить отток и вырастить выручку с подписчика, если новые продажи едва перекрывают уходящих клиентов?","Привлекаем регистрации, проводим через триал, подключаем на онбординге, выставляем ежемесячные счета, собираем обратную связь и удерживаем клиента до продления подписки.","SaaS-компания: что скрывается за красивым ростом регистраций, если через три месяца платит меньше половины, а MRR утекает быстрее, чем растёт?","SaaS-компания: прогноз оттока по продуктовой телеметрии — частоте входов, глубине использования фич, тикетам — находит аккаунты, уходящие на 2–3-м месяце, и триггерит удержание до продления; отток MRR снижается."
244,Музыкальная школа,HR и образование,Абонентская плата,"Музыкальная школа: как заполнить расписание педагогов и удержать ученика дольше первого года, когда мотивация детей быстро гаснет?","Набираем учеников, распределяем по педагогам и инструментам, ведём индивидуальные и групповые занятия, готовим к отчётным концертам, продлеваем абонементы и заменяем отменённые уроки.","Музыкальная школа: куда утекает прибыль, если педагоги на окладе, а треть уроков срывается из-за отмен и «окон» в расписании?","Музыкальная школа: ИИ оптимизирует расписание педагогов и мгновенно переставляет отменённые уроки на учеников из листа ожидания, закрывая «окна» — доля сорванных занятий падает, загрузка окладных педагогов растёт."
245,Компания по установке солнечных панелей,"Недвижимость, строительство и дом",Проектные услуги,"Компания по установке солнечных панелей: как сократить долгий цикл сделки и удержать маржу, когда клиент месяцами считает окупаемость?","Выезжаем на замер, считаем инсоляцию и окупаемость, проектируем систему, согласуем смету, монтируем панели с инвертором и подключаем к сети.","Компания по установке солнечных панелей: почему заявок много, а денег мало, если между «посчитайте мне» и подписанным договором проходят месяцы сомнений?","Компания по установке солнечных панелей: по замеру, инсоляции и тарифам ИИ за минуты собирает персональное КП с расчётом окупаемости и графиком экономии — цикл сделки короче, конверсия из «посчитайте» в договор выше."
246,Виртуальный офис и секретарский сервис,B2B-услуги и консалтинг,Абонентское обслуживание,"Виртуальный офис и секретарский сервис: как масштабировать поток клиентов, если каждый входящий звонок всё равно принимает живой секретарь?","Предоставляем юридический адрес, принимаем звонки от имени клиента, фиксируем сообщения, обрабатываем входящую почту, переадресуем обращения и ведём учёт по каждому абоненту.","Виртуальный офис и секретарский сервис: сколько абонентов теряется, когда секретарь занят на другой линии, а звонящий кладёт трубку и уходит к конкуренту?","Виртуальный офис и секретарский сервис: голосовой ИИ-ассистент принимает параллельные звонки от имени каждого абонента, фиксирует и переадресует обращения — входящие не теряются на занятой линии, поток масштабируется без роста штата секретарей."
247,Салон проката платьев,Локальные и бытовые услуги,Аренда / usage-based,"Салон проката платьев: как повысить оборачиваемость гардероба и заработать в межсезонье, когда дорогие платья простаивают на вешалке?","Подбираем платье по размеру и поводу, оформляем залог и договор, выдаём наряд, принимаем возврат, отправляем в химчистку и возвращаем в оборот к следующей брони.","Салон проката платьев: правда ли, что главный убыток — не порванное платье, а недели простоя между выпускным сезоном и свадьбами?","Салон проката платьев: динамическое ценообразование по сезону, размеру и загрузке гардероба поднимает аренду в пик и стимулирует бронь в межсезонье скидками на простаивающие модели — оборачиваемость и выручка низкого сезона растут."
248,Загородный клуб,HoReCa и гостеприимство,Оплата за проживание / услуги,"Загородный клуб: как загрузить номера и площадки в будни, если основная выручка приходит только на выходные и банкеты?","Принимаем бронь на проживание и мероприятия, заселяем гостей, организуем питание, баню и активности, проводим банкеты, убираем номера и готовим площадку к следующему заезду.","Загородный клуб: куда уходит прибыль, когда территория красивая, а с понедельника по четверг домики пустуют, но персонал всё равно на смене?","Загородный клуб: ИИ перераспределяет рекламный бюджет и ретаргетит прошлых гостей под будние заезды и небанкетные даты — номера и площадки грузятся с понедельника по четверг, стоимость брони снижается."
249,Автосалон подержанных автомобилей,"Логистика, транспорт и авто",Маржа на товаре,"Автосалон подержанных автомобилей: как ускорить оборачиваемость площадки и не заморозить деньги в машинах, которые месяцами не продаются?","Выкупаем и берём авто в trade-in, проверяем историю, делаем предпродажную подготовку, выставляем на площадку, показываем покупателям, торгуемся и оформляем сделку с гарантией.","Автосалон подержанных автомобилей: сколько денег замораживает каждая машина, что стоит на площадке лишний месяц, пока капитал висит в неликвиде?","Автосалон подержанных автомобилей: ИИ по рыночным ценам и истории просмотров задаёт цену каждой машины и вовремя снижает по «зависшим» — средний срок на площадке падает, меньше капитала заморожено в неликвиде."
250,Хлебозавод,Производство и оптовая торговля,Производство + продажи,"Хлебозавод: как снизить списания и возвраты из сетей, не оставив полки полупустыми к вечернему часу пик?","Замешиваем тесто в ночную смену, выпекаем ассортимент, комплектуем заказы по торговым точкам, развозим по маршрутам к открытию, забираем непроданный вчерашний хлеб и списываем возвраты.","Хлебозавод: почему план по объёму выполнен, а прибыль тает, если каждая пятая буханка возвращается из магазина и уходит в списание?","Хлебозавод: прогноз спроса по каждой торговой точке и дню недели на истории продаж, погоде и праздниках задаёт объём выпечки и развоза — возвраты и списания снижаются без пустых полок к вечернему пику."
251,Агентство личного бренда,"Маркетинг, медиа и дизайн",Проектные услуги,"Агентство личного бренда: как масштабировать выручку, если результат клиента завязан на одного харизматичного продюсера и его ручную работу?","Изучаем эксперта, собираем стратегию и рубрики, снимаем и монтируем контент, ведём блог, договариваемся о размещениях и замеряем прирост охватов и заявок.","Агентство личного бренда: что ломается первым, когда клиентов становится больше, а продюсер физически не может вести десять блогов одновременно?","Агентство личного бренда: генеративный ИИ по транскриптам съёмок эксперта готовит черновики постов, нарезки и сценарии рубрик — один продюсер ведёт больше блогов, себестоимость контента падает."
252,Рыбное хозяйство,Сельское хозяйство и экология,Производство + продажи,"Рыбное хозяйство: как снизить падёж и расход корма и вырастить рыбу к сроку, не потеряв маржу на кормах и электричестве?","Зарыбляем водоёмы мальком, подращиваем и кормим по графику, контролируем кислород, температуру и здоровье рыбы, сортируем по навеске, отлавливаем товарную и поставляем покупателям.","Рыбное хозяйство: куда утекает прибыль, если корм дорожает, часть малька не доживает до товарной навески, а цену на вылов диктует рынок?","Рыбное хозяйство: модель по данным о температуре, кислороде, навеске и кормлении прогнозирует набор товарной массы и риск падёжа, оптимизируя график корма — конверсия корма (FCR) улучшается, отход малька снижается."
253,Subscription box сервис,E-commerce и маркетплейсы,Производство + продажи,Subscription box сервис: как удержать подписчиков дольше третьей коробки и не уйти в минус на закупке наполнения и доставке?,"Собираем предпочтения подписчика, закупаем и комплектуем наполнение коробки, упаковываем, отправляем ежемесячно, обрабатываем отписки и подбираем содержимое следующего набора.","Subscription box сервис: почему первая коробка радует, а к третьей половина подписчиков отписывается, и стоимость привлечения так и не отбивается?","Subscription box сервис: рекомендательная система по анкете и реакциям на прошлые коробки — что оставили, что вернули — подбирает наполнение следующего набора; отписки после третьей коробки снижаются, растёт число продлений."
254,Аквапарк,Развлечения и культура,Билеты + дополнительные продажи,Аквапарк: как сгладить зависимость выручки от погоды и разгрузить пропускную способность горок в пиковые часы выходных?,"Мы продаём билеты и браслеты, запускаем посетителей потоками, следим за горками и чашами, дежурим спасателями, крутим оборот шкафчиков, кормим в кафе и закрываем смену уборкой и обеззараживанием воды.","Аквапарк: правда ли, что один дождливый выходной съедает выручку недели, а солнечный день упирается в очередь на горку?","Аквапарк: компьютерное зрение считает очереди и загрузку чаш в реальном времени и подсказывает перераспределение потоков и открытие горок — время ожидания в пик выходных падает, пропускная способность растёт."
255,Магазин бытовой техники,Розничная торговля,Маржа на товаре,"Магазин бытовой техники: как удержать маржу и средний чек, если покупатель приходит посмотреть вживую, а заказывает то же самое дешевле на маркетплейсе?","Закупаем технику у поставщиков, выставляем на витрину, консультируем покупателя, оформляем продажу с доставкой и установкой, продаём допы и гарантию, обрабатываем возвраты.","Магазин бытовой техники: сколько теряет продавец, когда покупатель щупает холодильник у него на витрине, а оформляет заказ в приложении по дороге домой?","Магазин бытовой техники: рекомендательный ассистент у продавца по товару и профилю покупателя предлагает релевантные допы, установку и расширенную гарантию — средний чек и маржа растут даже при цене «как на маркетплейсе»."
256,Компания по монтажу систем безопасности,"Недвижимость, строительство и дом",Проектные услуги,Компания по монтажу систем безопасности: как перейти от разовых монтажей к постоянной выручке с обслуживания уже установленных объектов?,"Выезжаем на объект, проектируем систему камер и сигнализации, согласуем смету, монтируем оборудование, настраиваем и сдаём в эксплуатацию, берём на обслуживание.","Компания по монтажу систем безопасности: почему после сдачи объекта прибыль обнуляется, если смонтировал, получил оплату и снова ищешь следующего клиента с нуля?",Компания по монтажу систем безопасности: предиктивное обслуживание по телеметрии установленных камер и датчиков заранее выявляет сбои и сам предлагает клиенту сервис — доля объектов на постоянном обслуживании и повторная выручка растут.
257,Кондитерское производство,Производство и оптовая торговля,Производство + продажи,"Кондитерское производство: как справиться с пиками на праздники и снизить списания скоропорта, не раздувая штат кондитеров под редкие всплески?","Принимаем заказы на торты и десерты, закупаем скоропортящиеся продукты, готовим и украшаем вручную, комплектуем заказы, развозим к нужной дате и списываем нераспроданное.","Кондитерское производство: куда девается маржа, если под 8 марта заказы не успеваешь выполнить, а в будни кондитеры простаивают, а продукты портятся?","Кондитерское производство: прогноз нагрузки по датам и праздникам планирует смены, временных кондитеров под пики и закупку скоропорта — заказы к 8 марта выполняются, простой в будни и порча продуктов снижаются."
258,Танцевальная школа,HR и образование,Абонентская плата,"Танцевальная школа: как заполнить залы в дневные часы и удержать ученика на новый абонемент, когда посещаемость проседает после первого месяца?","Набираем группы по направлениям и уровням, ставим расписание по залам, проводим занятия, готовим номера к отчётным концертам, продлеваем абонементы и добираем новичков на свободные места.","Танцевальная школа: почему залы пустуют днём и переполнены вечером, а абонементы, купленные в сентябре, к ноябрю никто не продлевает?","Танцевальная школа: модель по посещаемости выявляет учеников, теряющих мотивацию после первого месяца, и запускает персональные касания до окончания абонемента — продлений больше, отток к ноябрю ниже."
259,Компания по подбору автомобилей,"Логистика, транспорт и авто",Комиссия / агентская модель,"Компания по подбору автомобилей: как повысить число закрытых сделок на одного специалиста, если каждый подбор — это дни проверок ради разовой комиссии?","Выясняем бюджет и требования клиента, ищем варианты, проверяем историю и юридическую чистоту, выезжаем на осмотр и диагностику, торгуемся с продавцом и сопровождаем сделку.","Компания по подбору автомобилей: сколько сделок срывается, пока специалист неделю мотается по осмотрам, а клиент тем временем сам покупает первую попавшуюся машину?","Компания по подбору автомобилей: ИИ по критериям клиента отбирает подходящие объявления и авто-проверяет историю и чистоту, отсекая пустые выезды — специалист доводит больше подборов до сделки за то же время."
260,Ломбард,Финансы,Процентная маржа + комиссии,"Ломбард: как ускорить оборот витрины и заработать на невыкупленном залоге, не заморозив кассу в вещах, которые никто не берёт?","Оцениваем принесённый залог, выдаём заём под процент, храним вещь до выкупа, начисляем проценты, при невыкупе выставляем товар на витрину и реализуем невостребованное.","Ломбард: правда ли, что деньги делаются не на процентах по займу, а на витрине с невыкупленными вещами, которые месяцами лежат без покупателя?","Ломбард: ИИ оценивает принесённый залог по фото и рыночным аналогам, прогнозируя ликвидность и цену реализации — меньше ошибок оценки, витрина оборачивается быстрее, касса не зависает в невыкупленном неликвиде."
261,Туроператор,HoReCa и гостеприимство,Комиссия / пакетные продажи,"Туроператор: как распродать выкупленные блоки мест и не сгореть на непроданных турах, если кресло в чартере уже оплачено вперёд?","Выкупаем блоки мест и номера в отелях, формируем пакетные туры, продаём через агентства, оформляем документы туристам, сопровождаем в поездке и закрываем взаиморасчёты с партнёрами.","Туроператор: куда утекает прибыль сезона, если непроданное кресло в чартере и пустой номер в отеле уже оплачены, а вылет через три дня?","Туроператор: динамическое ценообразование по остаткам мест и дате вылета уценяет непроданные кресла в чартере и номера перед сгоранием — доля распроданных блоков растёт, потери на «горящих» местах снижаются."
262,Студия разработки видеоигр,IT и цифровые сервисы,Продажи / внутриигровые покупки,"Студия разработки видеоигр: как пережить долгий цикл разработки и не поставить студию на один релиз, от которого зависит вся выручка?","Придумываем концепт, прототипируем механики, разрабатываем и тестируем игру, готовим маркетинг и комьюнити, выпускаем в магазины и удерживаем игроков живыми обновлениями.","Студия разработки видеоигр: что будет со студией, если два года команда горит на одном проекте, а игроки уходят из игры через неделю после релиза?","Студия разработки видеоигр: модель по телеметрии сессий находит уровни и дни, где игроки бросают игру на первой неделе, и приоритизирует правки в обновлениях — ранее удержание растёт."
263,Винный магазин,Розничная торговля,Маржа на товаре,"Винный магазин: как поднять средний чек и распродать редкие позиции, если ходовое вино берут с минимальной наценкой, а дорогое пылится на полке?","Формируем ассортимент под спрос, закупаем у поставщиков, выставляем и подсвечиваем позиции, консультируем покупателя, подбираем вино под повод, распродаём неликвид со скидкой и пополняем ходовое.","Винный магазин: что скрывается за полными полками, если оборот делают три ходовые бутылки, а дорогая коллекция месяцами стоит замороженными деньгами?","Винный магазин: ИИ-сомелье по чекам и поводу покупателя рекомендует вино и гастропары, подсвечивая дорогие и редкие позиции — средний чек растёт, коллекция распродаётся, а не пылится на полке."
264,Агентство маркетинговых исследований,"Маркетинг, медиа и дизайн",Проектные услуги,"Агентство маркетинговых исследований: как ускорить выпуск отчётов и брать больше проектов, если каждое исследование — это недели ручного сбора данных?","Согласуем задачу с заказчиком, готовим анкету, собираем данные через опросы и полевые интервью, обрабатываем массив, готовим отчёт с выводами и защищаем его перед клиентом.","Агентство маркетинговых исследований: почему проект прибыльный на бумаге, если половину гонорара съедают недели ручной расшифровки анкет и сведения таблиц?","Агентство маркетинговых исследований: ИИ транскрибирует и резюмирует интервью и открытые анкеты, сводя ответы в темы и выводы — недели ручной расшифровки сокращаются, агентство берёт больше проектов теми же людьми."
265,Маркетплейс услуг,E-commerce и маркетплейсы,Комиссия с транзакций,"Маркетплейс услуг: как удержать сделки внутри площадки и вырастить комиссионный доход, когда исполнитель и заказчик норовят договориться напрямую?","Привлекаем исполнителей и заказчиков, публикуем и модерируем заказы, сводим стороны, проводим оплату через площадку, удерживаем комиссию, собираем отзывы и разрешаем споры.","Маркетплейс услуг: куда утекает комиссия, если после первого заказа клиент и мастер обмениваются телефонами и следующие сделки проходят мимо площадки?",Маркетплейс услуг: ИИ выявляет аномалии в переписке и заказах — обмен контактами и увод сделок мимо площадки — и вовремя удерживает клиента бонусами; доля повторных сделок внутри платформы и комиссия растут.
266,Издательство,Развлечения и культура,Продажи прав / revenue share,"Издательство: как угадать тираж и снизить возвраты из магазинов, если непроданные книги возвращаются, а склад съедает деньги?","Отбираем рукописи, редактируем и вёрстаем, печатаем тираж, распространяем по магазинам и маркетплейсам, храним остатки на складе, принимаем возвраты и платим роялти авторам.","Издательство: правда ли, что главный убыток — не провальная книга, а раздутый тираж хорошего автора, половина которого вернётся из магазинов на склад?","Издательство: прогноз спроса по жанру, автору и предзаказам подбирает оптимальный тираж и допечатку — возвраты из магазинов и замороженные на складе остатки снижаются без дефицита ходовых книг."
267,Агентство корпоративных поездок,B2B-услуги и консалтинг,Проектные услуги,"Агентство корпоративных поездок: как обрабатывать больше командировок без роста штата, если каждая замена билета — это ручная работа менеджера?","Принимаем заявку от компании, подбираем билеты и отели по travel-политике, бронируем и оформляем, перевыставляем документы, решаем сбои в пути и закрываем отчётность по каждой поездке.","Агентство корпоративных поездок: сколько маржи съедает один отменённый рейс, когда менеджер полночи вручную пересобирает маршрут командированного за те же деньги?","Агентство корпоративных поездок: ИИ извлекает данные из билетов, счетов и travel-политик и авто-готовит перевыставление и отчётность при заменах рейсов — менеджер обрабатывает больше командировок без ночной ручной пересборки."
268,Прокат оборудования для мероприятий,Локальные и бытовые услуги,Аренда / usage-based,"Прокат оборудования для мероприятий: как повысить оборачиваемость звука и света и заработать в будни, когда всё бронируют на выходные?","Принимаем заявку, комплектуем звук и свет под площадку, доставляем и монтируем, обслуживаем на мероприятии, демонтируем, проверяем на износ и готовим комплект к следующей брони.","Прокат оборудования для мероприятий: куда уходит прибыль, если дорогой комплект света бронируют только по субботам, а всю неделю он лежит на складе мёртвым грузом?","Прокат оборудования для мероприятий: ИИ оптимизирует календарь броней и комплектацию звука и света, предлагая будние тарифы под простаивающие комплекты — оборачиваемость дорогого оборудования и загрузка в будни растут."
269,Компания по переработке отходов,Сельское хозяйство и экология,Производство + продажи,"Компания по переработке отходов: как повысить выход годного вторсырья и удержать маржу, когда закупочная цена на переработанное скачет вместе с рынком?","Принимаем и взвешиваем сырьё, сортируем по фракциям, очищаем от примесей, прессуем и гранулируем, храним партии и продаём вторсырьё переработчикам по рыночной цене.","Компания по переработке отходов: почему объёмы приёмки растут, а прибыль нет, если половина привезённого — грязь и брак, а цена на вторсырьё падает без предупреждения?","Компания по переработке отходов: компьютерное зрение на линии сортирует фракции и отбраковывает примеси и загрязнение — выход годного вторсырья растёт, партии чище и дороже при продаже переработчикам."
270,Слуховой центр,"Здоровье, красота и спорт",Оплата за услугу,Слуховой центр: как довести посетителя от бесплатной проверки слуха до покупки аппарата и вернуть его на повторные настройки?,"Проводим аудиометрию, подбираем слуховой аппарат под потерю слуха и бюджет, настраиваем под пациента, обучаем пользоваться, продаём аппарат с гарантией и приглашаем на донастройку.","Слуховой центр: почему на бесплатную проверку слуха идут толпы, а аппарат покупает один из десяти, хотя вся маржа именно на нём?","Слуховой центр: скоринг посетителей по аудиограмме и профилю приоритизирует горячих и подбирает подходящий аппарат, а триггеры возвращают на донастройку — конверсия из бесплатной проверки в покупку растёт."
271,Сервис аренды спецтехники,"Логистика, транспорт и авто",Аренда / usage-based,"Сервис аренды спецтехники: как сократить простой экскаваторов и загрузить парк, если техника то нарасхват, то неделями стоит без заказов?","Принимаем заявку, подбираем технику под задачу, доставляем на объект с машинистом, ведём учёт моточасов и топлива, обслуживаем и ремонтируем, возвращаем машину в парк к следующему заказу.","Сервис аренды спецтехники: сколько денег съедает экскаватор, что неделю стоит без заказа, пока лизинг, стоянка и зарплата машиниста капают каждый день?","Сервис аренды спецтехники: на истории заявок, моточасов и простоев ИИ прогнозирует спрос по типам техники и планирует загрузку парка, поднимая утилизацию экскаваторов и сокращая недели простоя между заказами."
272,Школа публичных выступлений,HR и образование,Обучение / инфопродукт,"Школа публичных выступлений: как заполнять группы и держать маржу, если результат ученика виден только через месяцы регулярной практики?","Собираем группы через бесплатные вебинары, диагностируем страх сцены, ведём тренинги с отработкой речи, снимаем выступления на камеру, разбираем ошибки и даём обратную связь.","Школа публичных выступлений: куда утекает выручка, когда зал на бесплатном вебинаре полный, а до платного курса доходит меньше трети?","Школа публичных выступлений: ИИ анализирует записи выступлений — темп, слова-паразиты, паузы, зрительный контакт — и выдаёт мгновенную измеримую обратную связь, ускоряя видимый прогресс ученика и повышая конверсию из вебинара в платный курс."
273,Производитель замороженных продуктов,Производство и оптовая торговля,Производство + продажи,"Производитель замороженных продуктов: как удержать маржу партии, если холодовая цепь, сроки годности и полка ритейлера съедают прибыль?","Закупаем сырьё, готовим и формуем полуфабрикаты, проводим шоковую заморозку, фасуем и маркируем, храним при минус восемнадцать, развозим рефрижераторами по сетям и списываем просрочку.","Производитель замороженных продуктов: сколько прибыли тает вместе с продукцией, пока фура стоит на разгрузке у сети, а морозильник не выключить?","Производитель замороженных продуктов: на истории отгрузок и остатков сетей ИИ прогнозирует спрос по SKU и точкам, снижая списания просрочки и дефицит на полке и точнее планируя объём партий."
274,Туристическое агентство,HoReCa и гостеприимство,Комиссия / пакетные продажи,"Туристическое агентство: как зарабатывать больше комиссии с тура, если клиент сравнивает цену с тремя агентствами и уходит к тому, кто дал скидку?","Консультируем клиента, подбираем тур у оператора, бронируем, оформляем визы и страховки, ведём до вылета и разбираем претензии после возвращения.","Туристическое агентство: почему на подбор тура уходит три часа переписки, а клиент в итоге бронирует тот же пакет напрямую у оператора?","Туристическое агентство: ИИ-ассистент в переписке по базе туроператоров за минуты подбирает и сравнивает пакеты под запрос клиента, сокращая три часа ручного подбора и удерживая клиента до брони."
275,Лифтовая сервисная компания,"Недвижимость, строительство и дом",Проектные услуги,"Лифтовая сервисная компания: как масштабировать обслуживание, если один диспетчер держит десятки домов, а маржу съедают выезды по ложным вызовам?","Заключаем договоры с управляющими компаниями, проводим плановые осмотры, принимаем аварийные заявки, меняем узлы и тросы, ведём журналы и проходим ежегодное освидетельствование.","Лифтовая сервисная компания: почему абонплата за лифт годами одна, а ночные аварийные выезды и дефицит запчастей незаметно съедают всю прибыль договора?","Лифтовая сервисная компания: на данных журналов, наработки узлов и датчиков ИИ прогнозирует отказы тросов и приводов, сокращая ночные аварийные выезды и ложные вызовы и планируя замены заранее."
276,Продюсерский центр артистов,Развлечения и культура,Продажи прав / revenue share,"Продюсерский центр артистов: как окупать вложения в артиста, если из десяти проектов выстреливает один, а доход по контракту делят все?","Находим таланты, вкладываемся в запись и клипы, продвигаем в плейлистах и соцсетях, организуем концерты, оформляем права и делим доход по контракту.","Продюсерский центр артистов: правда ли, что вкладываешься в десятерых, а окупает вложения один, и весь центр живёт на его роялти?","Продюсерский центр артистов: по ранним метрикам прослушиваний, сохранений и охвата в соцсетях ИИ скорит новые треки и артистов, приоритизируя вложения в тех, кто с большей вероятностью окупится."
277,Оператор платёжных терминалов,Финансы,Комиссия с транзакций,"Оператор платёжных терминалов: как растить сеть, если комиссия с платежа копеечная, а инкассация и простой мёртвых точек съедают доход?","Ставим терминалы в проходных местах, договариваемся об аренде площади, обслуживаем технику, инкассируем наличные, следим за связью и разбираем зависшие платежи.","Оператор платёжных терминалов: куда утекает прибыль, когда половина терминалов приносит копейки, а аренда, связь и инкассация капают за каждый одинаково?","Оператор платёжных терминалов: на истории оборота точек ИИ прогнозирует накопление наличных и строит маршруты инкассации по необходимости, сокращая лишние выезды и подсвечивая мёртвые точки для переноса."
278,Архивная компания,B2B-услуги и консалтинг,Абонентское обслуживание,"Архивная компания: как зарабатывать на хранении, если стеллажи забиты, клиент платит за короб, а заказывает документы раз в год?","Принимаем документы клиента, описываем и штрихкодируем короба, размещаем на стеллажах, выдаём по запросу копии, уничтожаем по истечении срока и продлеваем абонемент.","Архивная компания: сколько денег заморожено в коробах, за которые клиент платит годами, но так и не забирает и не разрешает уничтожить?","Архивная компания: ИИ распознаёт и индексирует содержимое коробов (OCR), давая платный цифровой поиск и выдачу копий без похода к стеллажу, повышая доход с короба и оборачиваемость мест хранения."
279,Издатель видеоигр,IT и цифровые сервисы,Продажи / revenue share,"Издатель видеоигр: как отбить вложения в разработку, если из портфеля игр окупается одна, а маркетинг съедает бюджет ещё до релиза?","Отбираем проекты студий, финансируем разработку, тестируем билды, готовим маркетинг к релизу, публикуем в магазинах, поддерживаем патчами и делим выручку со студией.","Издатель видеоигр: почему в игру вложены годы и миллионы, а судьба всего бюджета решается в первые выходные после релиза?","Издатель видеоигр: ИИ оптимизирует распределение и ставки рекламного бюджета по каналам и странам на данных вишлистов и открутки, снижая стоимость привлечения игрока и риск слить бюджет до релиза."
280,Магазин настольных игр,Розничная торговля,Маржа на товаре,Магазин настольных игр: как разогнать оборачиваемость полки и превратить демо-столы и клубные вечера в стабильную выручку?,"Мы закупаем и выкладываем новинки, ведём демо-столы и учим правилам, проводим клубные вечера и турниры, консультируем по выбору, следим за оборачиваемостью полки и допродаём протекторы и аксессуары.","Магазин настольных игр: что убивает маржу, когда игротеки собирают полный зал, а коробки на полке месяцами не находят покупателя?","Магазин настольных игр: на данных клубных вечеров и покупок ИИ рекомендует каждому игроку игры и аксессуары под его предпочтения, повышая оборачиваемость полки и средний чек допродаж."
281,B2B-маркетплейс,E-commerce и маркетплейсы,Комиссия с транзакций,"B2B-маркетплейс: как растить оборот, если покупатель и поставщик, познакомившись на площадке, уходят договариваться напрямую мимо комиссии?","Привлекаем поставщиков, проверяем и загружаем каталоги, сводим с оптовыми покупателями, проводим сделку через площадку, берём комиссию и разбираем споры по поставкам.","B2B-маркетплейс: что мешает заработать, если первую сделку клиенты проводят через площадку, а все следующие — в обход, напрямую с поставщиком?","B2B-маркетплейс: ИИ выявляет аномалии в поведении пар покупатель-поставщик (обмен контактами, падение повторных заказов), сигнализируя об уходе сделок мимо площадки и запуская удержание, сохраняя комиссионный оборот."
282,Event-агентство,"Маркетинг, медиа и дизайн",Проектные услуги,"Event-агентство: как зарабатывать на мероприятии стабильно, если каждый проект собирается с нуля, а подрядчики и площадка съедают смету?","Снимаем бриф с заказчика, придумываем концепцию, считаем смету, подбираем площадку и подрядчиков, репетируем, проводим мероприятие и закрываем документы.","Event-агентство: куда исчезает маржа, когда заказчик видит красивый праздник, а вы всю ночь латаете сорванный тайминг и накладки подрядчиков?","Event-агентство: на базе прошлых проектов и прайсов подрядчиков ИИ за часы собирает смету и концепцию под бриф, сокращая время подготовки КП и ошибки в расчётах и ускоряя закрытие сделок."
283,Сервис ремонта велосипедов,Локальные и бытовые услуги,Оплата за услугу,"Сервис ремонта велосипедов: как выжить вне сезона, если весь спрос — три весенних месяца, а аренда и механик оплачиваются круглый год?","Принимаем велосипед, диагностируем, называем цену, меняем цепи и тормоза, регулируем переключатели, моем и отдаём клиенту с гарантией.","Сервис ремонта велосипедов: правда ли, что весь год кормит один весенний вал заявок, а зимой мастерская работает в минус на одной аренде?","Сервис ремонта велосипедов: на истории ремонтов ИИ прогнозирует, когда клиенту нужно ТО, и шлёт триггерные напоминания и зимние предложения, сглаживая сезонный провал и загружая мастерскую вне пика."
284,Компания по вывозу отходов,Сельское хозяйство и экология,Абонентское обслуживание,"Компания по вывозу отходов: как держать маржу, если тариф за контейнер фиксированный, а солярка, полигон и порожние рейсы дорожают?","Заключаем договоры, расставляем контейнеры, объезжаем точки по графику, вывозим на полигон, платим за захоронение и выставляем абонентские счета.","Компания по вывозу отходов: сколько прибыли сжигает мусоровоз, который едет по маршруту с полупустыми контейнерами и возвращается порожняком?","Компания по вывозу отходов: датчики и камеры с ИИ измеряют реальное заполнение контейнеров, чтобы объезжать только полные точки, сокращая порожние рейсы, пробег и расход солярки на маршруте."
285,Ортопедический салон,"Здоровье, красота и спорт",Маржа на товаре + услуги,"Ортопедический салон: как поднять чек, если клиент приходит за одной парой стелек, а дорогие корсеты и обувь месяцами лежат на витрине?","Диагностируем стопу на плантоскопе, подбираем стельки и обувь, изготавливаем индивидуальные вкладыши, консультируем по корсетам, оформляем продажу и приглашаем на повторный подбор.","Ортопедический салон: почему клиент уходит с копеечными стельками, хотя пришёл с проблемой, которую решает корсет в десять раз дороже?","Ортопедический салон: ИИ анализирует снимок плантоскопа и походку, наглядно показывая клиенту проблему и обоснованно предлагая корсет или обувь, повышая долю апселла и средний чек, а не только продажу стелек."
286,Автобусная транспортная компания,"Логистика, транспорт и авто",Оплата за услугу,"Автобусная транспортная компания: как выйти в плюс на рейсе, если полупустой автобус едет за то же топливо, что и полный?","Составляем расписание и маршруты, продаём билеты, проходим предрейсовый техосмотр и медконтроль водителей, выпускаем автобусы на линию, возим пассажиров по рейсам и обслуживаем парк в межсменку.","Автобусная транспортная компания: куда утекает выручка, когда утренний рейс набит битком, а дневной идёт по тому же кругу с тремя пассажирами?","Автобусная транспортная компания: на данных загрузки рейсов ИИ гибко управляет ценой билета — скидки на пустые дневные рейсы, — поднимая заполняемость и выручку на рейс без роста расхода топлива."
287,Оператор дата-центра,IT и цифровые сервисы,Абонентская подписка,"Оператор дата-центра: как повысить доходность стойки, если электричество и охлаждение съедают счёт, а часть мощности простаивает пустой?","Сдаём стойки в аренду, подключаем питание и каналы связи, охлаждаем залы, следим за бесперебойниками и генераторами, обеспечиваем доступ и держим аптайм по договору.","Оператор дата-центра: правда ли, что деньги приносят стойки, а половину счёта незаметно съедают кондиционеры, которые эти же стойки и охлаждают?","Оператор дата-центра: ИИ прогнозирует тепловую и энергонагрузку по стойкам, оптимизируя охлаждение и размещение нагрузки, снижая PUE и распродавая простаивающую мощность, повышая доходность стойки."
288,Сервис возврата налогов,Финансы,Комиссия / success fee,"Сервис возврата налогов: как масштабировать поток, если платят только за успешный возврат, а сложная декларация отнимает столько же времени, сколько простая?","Собираем документы клиента, проверяем право на вычет, заполняем декларацию, подаём в налоговую, сопровождаем проверку и берём процент с полученного возврата.","Сервис возврата налогов: почему берёшь процент только с успеха, но время тратишь одинаково — и на клиента с возвратом, и на того, кому откажут?","Сервис возврата налогов: по документам и профилю клиента ИИ пред-скринит право на вычет и вероятность одобрения, отсеивая заведомо отказные кейсы, чтобы специалисты тратили время на возвраты, которые окупятся."
289,Организатор фестивалей,Развлечения и культура,Билеты + дополнительные продажи,"Организатор фестивалей: как выйти в плюс за один уикенд, если аренда, артисты и сцена оплачены заранее, а сбор зависит от погоды?","Арендуем площадку, зовём артистов, продаём билеты, ставим сцену и фудкорт, пускаем зрителей, зарабатываем на баре и мерче и закрываемся за уикенд.","Организатор фестивалей: правда ли, что годовая прибыль решается за два дня, и один дождь способен смыть всю смету вместе с продажами билетов?","Организатор фестивалей: на истории продаж, лайнапе и прогнозе погоды ИИ предсказывает посещаемость и динамику продаж билетов, помогая под реальный спрос планировать закупку бара, мерча и персонала."
290,Компания по обслуживанию зданий,"Недвижимость, строительство и дом",Проектные услуги,"Компания по обслуживанию зданий: как удержать маржу на договоре, если абонплата фиксированная, а объём поломок и авралов каждый месяц разный?","Берём объект на обслуживание, ведём плановые осмотры инженерных систем, устраняем аварии, меняем расходники, убираем территорию и отчитываемся собственнику.","Компания по обслуживанию зданий: куда уходит прибыль, если платят фиксированную сумму, а прорвавшую ночью трубу устраняешь за свой счёт и без сна?","Компания по обслуживанию зданий: на данных осмотров и датчиков инженерных систем ИИ прогнозирует поломки труб и оборудования, переводя ночные авралы в плановые работы и стабилизируя маржу фиксированного договора."
291,Производитель косметики,"Здоровье, красота и спорт",Производство + продажи,"Производитель косметики: как окупить партию, если разработка формулы и сертификация стоят как тираж, а полка магазина не гарантирована?","Разрабатываем формулу, закупаем сырьё и тару, варим и разливаем партию, проходим сертификацию, фасуем, маркируем и отгружаем в розницу и на маркетплейсы.","Производитель косметики: почему в баночке крема себестоимость копеечная, а вся прибыль партии уходит в разработку формулы, тару и сертификаты?","Производитель косметики: ИИ прогнозирует спрос по SKU и каналам до запуска партии, помогая рассчитать тираж и не заморозить деньги в неликвиде, окупая разработку и сертификацию."
292,Платформа перепродажи вещей,E-commerce и маркетплейсы,Комиссия с транзакций,"Платформа перепродажи вещей: как растить комиссию, если продавец и покупатель норовят договориться в личке и провести сделку мимо площадки?","Принимаем объявления, проверяем и модерируем товар, сводим продавца с покупателем, проводим оплату и доставку через площадку, берём комиссию и разбираем возвраты.","Платформа перепродажи вещей: что скрывается за ростом объявлений, если каждая вторая сделка уходит в личную переписку мимо вашей комиссии?","Платформа перепродажи вещей: ИИ подбирает каждому покупателю релевантные объявления в персональной ленте и мгновенно оценивает цену при выставлении, ускоряя продажи внутри площадки и удерживая сделки от ухода в личку."
293,Сеть быстрого питания,HoReCa и гостеприимство,Маржа на заказе,"Сеть быстрого питания: как поднять маржу заказа, если себестоимость набора растёт, а гость приходит только за акцией по промокоду?","Принимаем заказ на кассе и в приложении, собираем на кухне по стандарту, выдаём за минуты, предлагаем допродажу, следим за поставками и списываем готовое по истечении срока хранения.","Сеть быстрого питания: куда утекает маржа, когда очередь на кассе есть, а половина чеков — это акции, промокоды и бесплатная доставка?","Сеть быстрого питания: в приложении и на кассе ИИ предлагает персональные допродажи и наборы под историю заказов, поднимая средний чек и маржу заказа вместо скидочных промокодов."
294,Агентство закупочного аутсорсинга,B2B-услуги и консалтинг,Абонентское обслуживание,"Агентство закупочного аутсорсинга: как масштабировать клиентов, если экономию приносишь ты, а клиент платит фиксированную абонентку независимо от результата?","Анализируем закупки клиента, ищем поставщиков, проводим тендеры, сбиваем цены, оформляем договоры, контролируем поставки и отчитываемся об экономии.","Агентство закупочного аутсорсинга: правда ли, что чем больше сэкономишь клиенту, тем меньше он ценит абонентку и тем быстрее решает закупать сам?","Агентство закупочного аутсорсинга: ИИ анализирует закупки клиента, находит и сравнивает поставщиков и сбивает цены по рынку, увеличивая доказанную экономию на каждом тендере и обосновывая ценность абонентки."
295,Студия 3D-печати,Локальные и бытовые услуги,Оплата за услугу,"Студия 3D-печати: как заработать на детали, если печать идёт часами, принтер занят одним заказом, а брак сжигает пластик и время?","Принимаем модель, готовим её к печати, подбираем материал, запускаем принтер на часы, снимаем и обрабатываем деталь, проверяем качество и отдаём клиенту.","Студия 3D-печати: куда утекает прибыль, если принтер печатает одну деталь полдня, а сорвавшийся к утру слой превращает пластик и смену в мусор?","Студия 3D-печати: камера с ИИ следит за печатью и распознаёт срыв слоя и дефекты на раннем этапе, останавливая брак до конца задания, сокращая расход пластика и переделки и освобождая принтер."
296,Рекламно-производственная компания,"Маркетинг, медиа и дизайн",Проектные услуги,"Рекламно-производственная компания: как держать маржу на вывеске, если каждый заказ индивидуальный, а материал и монтаж считаешь заново под клиента?","Снимаем замеры, делаем макет, согласуем с клиентом, режем и печатаем на станках, собираем конструкцию, выезжаем на монтаж и сдаём объект.","Рекламно-производственная компания: почему заказ на вывеску выглядит выгодным, пока переделка макета и повторный выезд монтажников не съедают всю прибыль?","Рекламно-производственная компания: ИИ по фото фасада за минуты показывает клиенту фотореалистичную вывеску до производства, сокращая переделки макета и повторные выезды монтажников, ускоряя согласование и защищая маржу."
297,Компания по контрактному производству,Производство и оптовая торговля,Производство + продажи,"Компания по контрактному производству: как загрузить линию под ноль, если заказы приходят волнами, а простой оборудования между ними съедает маржу?","Получаем техзадание заказчика, считаем себестоимость, закупаем сырьё, перенастраиваем линию, выпускаем партию под чужим брендом, проверяем качество и отгружаем.","Компания по контрактному производству: правда ли, что вы делаете чужой бренд, а вся прибыль решается тем, простаивает линия между заказами или нет?","Компания по контрактному производству: по техзаданию ИИ быстро считает себестоимость и готовит КП, помогая быстрее закрывать заказы и заполнять окна простоя линии между партиями, поднимая загрузку оборудования."
298,Корпоративный учебный центр,HR и образование,Обучение / инфопродукт,"Корпоративный учебный центр: как продавать обучение дороже, если заказчик требует доказать, что тренинг окупился ростом продаж, а не просто прошёл?","Выявляем потребность заказчика, разрабатываем программу, собираем группы сотрудников, проводим тренинги, тестируем усвоение, выдаём сертификаты и замеряем результат.","Корпоративный учебный центр: почему заказчик легко платит за корпоратив, но торгуется за тренинг, эффект которого не увидит в отчёте на следующий день?","Корпоративный учебный центр: ИИ анализирует записи звонков продавцов до и после тренинга, измеряя применение навыков и связь с конверсией, давая заказчику цифровое доказательство окупаемости обучения."
299,Сеть зарядных станций для электромобилей,Сельское хозяйство и экология,Оплата за использование,"Сеть зарядных станций для электромобилей: как окупить станцию, если она стоит как квартира, а заряжается на ней пара машин в сутки?","Находим точку с трафиком, подводим мощность, ставим станцию, подключаем к приложению, берём плату за киловатт, следим за исправностью и обслуживаем.","Сеть зарядных станций для электромобилей: куда уходит прибыль, если станция стоит миллионы, а полдня простаивает, пока рядом заряжают бесплатно у торгового центра?","Сеть зарядных станций для электромобилей: ИИ прогнозирует загрузку станции по трафику, потоку электромобилей и соседним точкам, помогая размещать станции там, где они окупятся быстрее."
300,Комиссионный магазин,Розничная торговля,Маржа на товаре,"Комиссионный магазин: как заработать на чужом товаре, если полка забита неликвидом, а за место фактически платишь за каждую вещь одинаково?","Принимаем вещи на реализацию, оцениваем и выставляем цену, выкладываем на витрину, продаём, удерживаем комиссию, возвращаем непроданное и снижаем цену по срокам.","Комиссионный магазин: сколько прибыли съедает витрина, забитая вещами, которые сдали полгода назад, а покупатель проходит мимо них каждый день?","Комиссионный магазин: на сроках приёмки и оборачиваемости ИИ рассчитывает динамическую уценку залежавшихся вещей и подсказывает, что не брать на реализацию, освобождая полку от неликвида и ускоряя продажи."
